,status,location,id,name,no of eps
0,Alive,"{'name': 'Citadel of Ricks', 'url': 'https://rickandmortyapi.com/api/location/3'}",1,Rick Sanchez,51
1,Alive,"{'name': 'Citadel of Ricks', 'url': 'https://rickandmortyapi.com/api/location/3'}",2,Morty Smith,51
2,Alive,"{'name': 'Earth (Replacement Dimension)', 'url': 'https://rickandmortyapi.com/api/location/20'}",3,Summer Smith,42
3,Alive,"{'name': 'Earth (Replacement Dimension)', 'url': 'https://rickandmortyapi.com/api/location/20'}",4,Beth Smith,42
4,Alive,"{'name': 'Earth (Replacement Dimension)', 'url': 'https://rickandmortyapi.com/api/location/20'}",5,Jerry Smith,39
5,Alive,"{'name': 'Abadango', 'url': 'https://rickandmortyapi.com/api/location/2'}",6,Abadango Cluster Princess,1
6,unknown,"{'name': 'Testicle Monster Dimension', 'url': 'https://rickandmortyapi.com/api/location/21'}",7,Abradolf Lincler,2
7,Dead,"{'name': 'Citadel of Ricks', 'url': 'https://rickandmortyapi.com/api/location/3'}",8,Adjudicator Rick,1
8,Dead,"{'name': 'Earth (Replacement Dimension)', 'url': 'https://rickandmortyapi.com/api/location/20'}",9,Agency Director,1
9,Dead,"{'name': ""Worldender's lair"", 'url': 'https://rickandmortyapi.com/api/location/4'}",10,Alan Rails,1
10,Dead,"{'name': 'Earth (Replacement Dimension)', 'url': 'https://rickandmortyapi.com/api/location/20'}",11,Albert Einstein,1
11,Dead,"{'name': 'Anatomy Park', 'url': 'https://rickandmortyapi.com/api/location/5'}",12,Alexander,1
12,unknown,"{'name': 'Earth (Replacement Dimension)', 'url': 'https://rickandmortyapi.com/api/location/20'}",13,Alien Googah,1
13,unknown,"{'name': 'Citadel of Ricks', 'url': 'https://rickandmortyapi.com/api/location/3'}",14,Alien Morty,1
14,unknown,"{'name': 'Citadel of Ricks', 'url': 'https://rickandmortyapi.com/api/location/3'}",15,Alien Rick,1
15,Dead,"{'name': 'Earth (Replacement Dimension)', 'url': 'https://rickandmortyapi.com/api/location/20'}",16,Amish Cyborg,1
16,Alive,"{'name': 'Anatomy Park', 'url': 'https://rickandmortyapi.com/api/location/5'}",17,Annie,1
17,Alive,"{'name': 'Citadel of Ricks', 'url': 'https://rickandmortyapi.com/api/location/3'}",18,Antenna Morty,2
18,unknown,"{'name': 'unknown', 'url': ''}",19,Antenna Rick,1
19,unknown,"{'name': 'Interdimensional Cable', 'url': 'https://rickandmortyapi.com/api/location/6'}",20,Ants in my Eyes Johnson,1
20,unknown,"{'name': 'Citadel of Ricks', 'url': 'https://rickandmortyapi.com/api/location/3'}",21,Aqua Morty,2
21,unknown,"{'name': 'Citadel of Ricks', 'url': 'https://rickandmortyapi.com/api/location/3'}",22,Aqua Rick,3
22,unknown,"{'name': 'Immortality Field Resort', 'url': 'https://rickandmortyapi.com/api/location/7'}",23,Arcade Alien,5
23,Alive,"{'name': 'Signus 5 Expanse', 'url': 'https://rickandmortyapi.com/api/location/22'}",24,Armagheadon,1
24,Dead,"{'name': 'Post-Apocalyptic Earth', 'url': 'https://rickandmortyapi.com/api/location/8'}",25,Armothy,1
25,Alive,"{'name': 'Purge Planet', 'url': 'https://rickandmortyapi.com/api/location/9'}",26,Arthricia,1
26,Alive,"{'name': 'Citadel of Ricks', 'url': 'https://rickandmortyapi.com/api/location/3'}",27,Artist Morty,2
27,Alive,"{'name': 'Interdimensional Cable', 'url': 'https://rickandmortyapi.com/api/location/6'}",28,Attila Starwar,3
28,Alive,"{'name': 'Interdimensional Cable', 'url': 'https://rickandmortyapi.com/api/location/6'}",29,Baby Legs,1
29,Alive,"{'name': 'unknown', 'url': ''}",30,Baby Poopybutthole,1
30,Dead,"{'name': 'Earth (Replacement Dimension)', 'url': 'https://rickandmortyapi.com/api/location/20'}",31,Baby Wizard,1
31,Dead,"{'name': 'Earth (Replacement Dimension)', 'url': 'https://rickandmortyapi.com/api/location/20'}",32,Bearded Lady,1
32,Dead,"{'name': 'Venzenulon 7', 'url': 'https://rickandmortyapi.com/api/location/10'}",33,Beebo,1
33,Alive,"{'name': 'Interdimensional Cable', 'url': 'https://rickandmortyapi.com/api/location/6'}",34,Benjamin,3
34,Alive,"{'name': 'Bepis 9', 'url': 'https://rickandmortyapi.com/api/location/11'}",35,Bepisian,4
35,Alive,"{'name': 'unknown', 'url': ''}",36,Beta-Seven,1
36,Alive,"{'name': 'Earth (C-500A)', 'url': 'https://rickandmortyapi.com/api/location/23'}",37,Beth Sanchez,1
37,Alive,"{'name': 'Earth (C-137)', 'url': 'https://rickandmortyapi.com/api/location/1'}",38,Beth Smith,8
38,Alive,"{'name': ""Earth (Evil Rick's Target Dimension)"", 'url': 'https://rickandmortyapi.com/api/location/34'}",39,Beth Smith,1
39,Dead,"{'name': 'Nuptia 4', 'url': 'https://rickandmortyapi.com/api/location/13'}",40,Beth's Mytholog,1
40,Alive,"{'name': 'Fantasy World', 'url': 'https://rickandmortyapi.com/api/location/48'}",41,Big Boobed Waitress,1
41,unknown,"{'name': 'Citadel of Ricks', 'url': 'https://rickandmortyapi.com/api/location/3'}",42,Big Head Morty,1
42,Dead,"{'name': 'Citadel of Ricks', 'url': 'https://rickandmortyapi.com/api/location/3'}",43,Big Morty,1
43,Dead,"{'name': 'Citadel of Ricks', 'url': 'https://rickandmortyapi.com/api/location/3'}",44,Body Guard Morty,1
44,Alive,"{'name': 'Earth (C-137)', 'url': 'https://rickandmortyapi.com/api/location/1'}",45,Bill,1
45,unknown,"{'name': 'unknown', 'url': ''}",46,Bill,1
46,Alive,"{'name': 'Planet Squanch', 'url': 'https://rickandmortyapi.com/api/location/35'}",47,Birdperson,7
47,Alive,"{'name': 'Citadel of Ricks', 'url': 'https://rickandmortyapi.com/api/location/3'}",48,Black Rick,2
48,Alive,"{'name': 'Interdimensional Cable', 'url': 'https://rickandmortyapi.com/api/location/6'}",49,Blamph,1
49,Alive,"{'name': 'Earth (Replacement Dimension)', 'url': 'https://rickandmortyapi.com/api/location/20'}",50,Blim Blam,1
50,Alive,"{'name': 'Interdimensional Cable', 'url': 'https://rickandmortyapi.com/api/location/6'}",51,Blue Diplomat,1
51,Dead,"{'name': 'Post-Apocalyptic Earth', 'url': 'https://rickandmortyapi.com/api/location/8'}",52,Blue Footprint Guy,1
52,unknown,"{'name': 'Citadel of Ricks', 'url': 'https://rickandmortyapi.com/api/location/3'}",53,Blue Shirt Morty,1
53,Alive,"{'name': 'Interdimensional Cable', 'url': 'https://rickandmortyapi.com/api/location/6'}",54,Bobby Moynihan,1
54,Dead,"{'name': 'Nuptia 4', 'url': 'https://rickandmortyapi.com/api/location/13'}",55,Boobloosian,2
55,Dead,"{'name': 'Citadel of Ricks', 'url': 'https://rickandmortyapi.com/api/location/3'}",56,Bootleg Portal Chemist Rick,1
56,Alive,"{'name': 'unknown', 'url': ''}",57,Borpocian,1
57,Alive,"{'name': 'Earth (Replacement Dimension)', 'url': 'https://rickandmortyapi.com/api/location/20'}",58,Brad,4
58,Dead,"{'name': 'Earth (Replacement Dimension)', 'url': 'https://rickandmortyapi.com/api/location/20'}",59,Brad Anderson,1
59,Dead,"{'name': 'unknown', 'url': ''}",60,Calypso,1
60,Dead,"{'name': 'Citadel of Ricks', 'url': 'https://rickandmortyapi.com/api/location/3'}",61,Campaign Manager Morty,1
61,Dead,"{'name': 'unknown', 'url': ''}",62,Canklanker Thom,1
62,Alive,"{'name': ""Mr. Goldenfold's dream"", 'url': 'https://rickandmortyapi.com/api/location/18'}",63,Centaur,1
63,Dead,"{'name': 'Earth (Replacement Dimension)', 'url': 'https://rickandmortyapi.com/api/location/20'}",64,Chris,1
64,Alive,"{'name': ""Rick's Battery Microverse"", 'url': 'https://rickandmortyapi.com/api/location/24'}",65,Chris,1
65,Dead,"{'name': 'Earth (Replacement Dimension)', 'url': 'https://rickandmortyapi.com/api/location/20'}",66,Coach Feratu (Balik Alistane),1
66,Alive,"{'name': 'The Menagerie', 'url': 'https://rickandmortyapi.com/api/location/25'}",67,Collector,1
67,Dead,"{'name': 'Post-Apocalyptic Earth', 'url': 'https://rickandmortyapi.com/api/location/8'}",68,Colossus,1
68,Dead,"{'name': 'Citadel of Ricks', 'url': 'https://rickandmortyapi.com/api/location/3'}",69,Commander Rick,1
69,Dead,"{'name': 'unknown', 'url': ''}",70,Concerto,1
70,Dead,"{'name': 'Earth (C-137)', 'url': 'https://rickandmortyapi.com/api/location/1'}",71,Conroy,1
71,Alive,"{'name': 'Citadel of Ricks', 'url': 'https://rickandmortyapi.com/api/location/3'}",72,Cool Rick,1
72,Dead,"{'name': 'Citadel of Ricks', 'url': 'https://rickandmortyapi.com/api/location/3'}",73,Cop Morty,1
73,Alive,"{'name': 'Citadel of Ricks', 'url': 'https://rickandmortyapi.com/api/location/3'}",74,Cop Rick,1
74,Alive,"{'name': 'Planet Squanch', 'url': 'https://rickandmortyapi.com/api/location/35'}",75,Courier Flap,1
75,Dead,"{'name': 'Earth (Replacement Dimension)', 'url': 'https://rickandmortyapi.com/api/location/20'}",76,Cousin Nicky,1
76,Alive,"{'name': 'Citadel of Ricks', 'url': 'https://rickandmortyapi.com/api/location/3'}",77,Cowboy Morty,1
77,Alive,"{'name': 'Citadel of Ricks', 'url': 'https://rickandmortyapi.com/api/location/3'}",78,Cowboy Rick,2
78,Alive,"{'name': 'Hideout Planet', 'url': 'https://rickandmortyapi.com/api/location/27'}",79,Crab Spider,1
79,Alive,"{'name': ""Mr. Goldenfold's dream"", 'url': 'https://rickandmortyapi.com/api/location/18'}",80,Creepy Little Girl,1
80,Dead,"{'name': ""Worldender's lair"", 'url': 'https://rickandmortyapi.com/api/location/4'}",81,Crocubot,1
81,unknown,"{'name': 'Earth (C-137)', 'url': 'https://rickandmortyapi.com/api/location/1'}",82,Cronenberg Rick,2
82,unknown,"{'name': 'Earth (C-137)', 'url': 'https://rickandmortyapi.com/api/location/1'}",83,Cronenberg Morty,2
83,Alive,"{'name': 'Hideout Planet', 'url': 'https://rickandmortyapi.com/api/location/27'}",84,Cult Leader Morty,1
84,Alive,"{'name': 'Citadel of Ricks', 'url': 'https://rickandmortyapi.com/api/location/3'}",85,Cyclops Morty,2
85,Dead,"{'name': 'Citadel of Ricks', 'url': 'https://rickandmortyapi.com/api/location/3'}",86,Cyclops Rick,3
86,Dead,"{'name': ""Zigerion's Base"", 'url': 'https://rickandmortyapi.com/api/location/46'}",87,Cynthia,1
87,Alive,"{'name': 'Earth (Replacement Dimension)', 'url': 'https://rickandmortyapi.com/api/location/20'}",88,Cynthia,4
88,Dead,"{'name': ""Giant's Town"", 'url': 'https://rickandmortyapi.com/api/location/14'}",89,Dale,1
89,Alive,"{'name': ""Unity's Planet"", 'url': 'https://rickandmortyapi.com/api/location/28'}",90,Daron Jefferson,1
90,Alive,"{'name': 'Earth (C-500A)', 'url': 'https://rickandmortyapi.com/api/location/23'}",91,David Letterman,1
91,Dead,"{'name': 'Earth (C-137)', 'url': 'https://rickandmortyapi.com/api/location/1'}",92,Davin,2
92,Dead,"{'name': 'Dorian 5', 'url': 'https://rickandmortyapi.com/api/location/29'}",93,Diablo Verde,1
93,Dead,"{'name': ""Rick's Memories"", 'url': 'https://rickandmortyapi.com/api/location/126'}",94,Diane Sanchez,2
94,unknown,"{'name': 'Citadel of Ricks', 'url': 'https://rickandmortyapi.com/api/location/3'}",95,Dipper and Mabel Mortys,1
95,Dead,"{'name': 'Anatomy Park', 'url': 'https://rickandmortyapi.com/api/location/5'}",96,Tuberculosis,1
96,Dead,"{'name': 'Anatomy Park', 'url': 'https://rickandmortyapi.com/api/location/5'}",97,Gonorrhea,1
97,Dead,"{'name': 'Anatomy Park', 'url': 'https://rickandmortyapi.com/api/location/5'}",98,Hepatitis A,1
98,Dead,"{'name': 'Anatomy Park', 'url': 'https://rickandmortyapi.com/api/location/5'}",99,Hepatitis C,1
99,Dead,"{'name': 'Anatomy Park', 'url': 'https://rickandmortyapi.com/api/location/5'}",100,Bubonic Plague,1
100,Dead,"{'name': 'Anatomy Park', 'url': 'https://rickandmortyapi.com/api/location/5'}",101,E. Coli,1
101,Dead,"{'name': 'Planet Squanch', 'url': 'https://rickandmortyapi.com/api/location/35'}",102,Donna Gueterman,1
102,unknown,"{'name': 'Earth (Replacement Dimension)', 'url': 'https://rickandmortyapi.com/api/location/20'}",103,Doofus Rick,2
103,Dead,"{'name': 'Dorian 5', 'url': 'https://rickandmortyapi.com/api/location/29'}",104,Doom-Nomitron,1
104,Dead,"{'name': 'St. Gloopy Noops Hospital', 'url': 'https://rickandmortyapi.com/api/location/16'}",105,Dr. Glip-Glop,1
105,unknown,"{'name': 'Roy: A Life Well Lived', 'url': 'https://rickandmortyapi.com/api/location/32'}",106,Dr. Schmidt,1
106,Alive,"{'name': 'Earth (Replacement Dimension)', 'url': 'https://rickandmortyapi.com/api/location/20'}",107,Dr. Wong,2
107,Dead,"{'name': 'Anatomy Park', 'url': 'https://rickandmortyapi.com/api/location/5'}",108,Dr. Xenon Bloom,1
108,Dead,"{'name': 'Earth (Replacement Dimension)', 'url': 'https://rickandmortyapi.com/api/location/20'}",109,Duck With Muscles,1
109,Alive,"{'name': 'Post-Apocalyptic Earth', 'url': 'https://rickandmortyapi.com/api/location/8'}",110,Eli,1
110,Alive,"{'name': 'Post-Apocalyptic Earth', 'url': 'https://rickandmortyapi.com/api/location/8'}",111,Eli's Girlfriend,1
111,Alive,"{'name': 'Earth (C-137)', 'url': 'https://rickandmortyapi.com/api/location/1'}",112,Eric McMan,1
112,unknown,"{'name': 'Earth (Replacement Dimension)', 'url': 'https://rickandmortyapi.com/api/location/20'}",113,Eric Stoltz Mask Morty,1
113,unknown,"{'name': 'Earth (C-137)', 'url': 'https://rickandmortyapi.com/api/location/1'}",114,Ethan,1
114,Alive,"{'name': 'Earth (Replacement Dimension)', 'url': 'https://rickandmortyapi.com/api/location/20'}",115,Ethan,2
115,Dead,"{'name': 'Earth (C-137)', 'url': 'https://rickandmortyapi.com/api/location/1'}",116,Evil Beth Clone,1
116,Dead,"{'name': 'Earth (C-137)', 'url': 'https://rickandmortyapi.com/api/location/1'}",117,Evil Jerry Clone,1
117,Alive,"{'name': 'Citadel of Ricks', 'url': 'https://rickandmortyapi.com/api/location/3'}",118,Evil Morty,3
118,Dead,"{'name': 'Citadel of Ricks', 'url': 'https://rickandmortyapi.com/api/location/3'}",119,Evil Rick,1
119,Dead,"{'name': 'Earth (C-137)', 'url': 'https://rickandmortyapi.com/api/location/1'}",120,Evil Summer Clone,1
120,Alive,"{'name': 'Interdimensional Cable', 'url': 'https://rickandmortyapi.com/api/location/6'}",121,Eyehole Man,1
121,Dead,"{'name': 'unknown', 'url': ''}",122,Fart,1
122,Alive,"{'name': 'Citadel of Ricks', 'url': 'https://rickandmortyapi.com/api/location/3'}",123,Fat Morty,1
123,Alive,"{'name': 'Earth (Replacement Dimension)', 'url': 'https://rickandmortyapi.com/api/location/20'}",124,Father Bob,2
124,Alive,"{'name': 'Planet Squanch', 'url': 'https://rickandmortyapi.com/api/location/35'}",125,Flansian,3
125,unknown,"{'name': 'Interdimensional Cable', 'url': 'https://rickandmortyapi.com/api/location/6'}",126,Fleeb,1
126,Dead,"{'name': 'Earth (C-137)', 'url': 'https://rickandmortyapi.com/api/location/1'}",127,Frank Palicky,1
127,Dead,"{'name': 'Earth (Replacement Dimension)', 'url': 'https://rickandmortyapi.com/api/location/20'}",128,Frankenstein's Monster,1
128,Alive,"{'name': 'Interdimensional Cable', 'url': 'https://rickandmortyapi.com/api/location/6'}",129,Fulgora,3
129,Dead,"{'name': 'unknown', 'url': ''}",130,Galactic Federation President,1
130,Dead,"{'name': 'Nuptia 4', 'url': 'https://rickandmortyapi.com/api/location/13'}",131,Gar Gloonch,3
131,Dead,"{'name': 'Nuptia 4', 'url': 'https://rickandmortyapi.com/api/location/13'}",132,Gar's Mytholog,1
132,Alive,"{'name': 'unknown', 'url': ''}",133,Garblovian,3
133,Alive,"{'name': 'Interdimensional Cable', 'url': 'https://rickandmortyapi.com/api/location/6'}",134,Garmanarnar,1
134,Dead,"{'name': 'Citadel of Ricks', 'url': 'https://rickandmortyapi.com/api/location/3'}",135,Garment District Rick,1
135,Alive,"{'name': 'Interdimensional Cable', 'url': 'https://rickandmortyapi.com/api/location/6'}",136,Gazorpazorpfield,2
136,Alive,"{'name': 'Earth (Replacement Dimension)', 'url': 'https://rickandmortyapi.com/api/location/20'}",137,Gene,2
137,Dead,"{'name': 'Earth (Replacement Dimension)', 'url': 'https://rickandmortyapi.com/api/location/20'}",138,General Nathan,1
138,Dead,"{'name': 'Purge Planet', 'url': 'https://rickandmortyapi.com/api/location/9'}",139,General Store Owner,1
139,Alive,"{'name': 'Post-Apocalyptic Earth', 'url': 'https://rickandmortyapi.com/api/location/8'}",140,Genital Washer,1
140,Dead,"{'name': 'Earth (Replacement Dimension)', 'url': 'https://rickandmortyapi.com/api/location/20'}",141,Ghost in a Jar,1
141,Dead,"{'name': 'Resort Planet', 'url': 'https://rickandmortyapi.com/api/location/37'}",142,Gibble Snake,1
142,Alive,"{'name': 'Citadel of Ricks', 'url': 'https://rickandmortyapi.com/api/location/3'}",143,Glasses Morty,1
143,Dead,"{'name': 'Interdimensional Customs', 'url': 'https://rickandmortyapi.com/api/location/38'}",144,Glenn,1
144,Alive,"{'name': 'Interdimensional Cable', 'url': 'https://rickandmortyapi.com/api/location/6'}",145,Glenn,1
145,Alive,"{'name': 'Nuptia 4', 'url': 'https://rickandmortyapi.com/api/location/13'}",146,Glexo Slim Slom,1
146,Dead,"{'name': 'Earth (Replacement Dimension)', 'url': 'https://rickandmortyapi.com/api/location/20'}",147,Gobo,1
147,unknown,"{'name': 'Nuptia 4', 'url': 'https://rickandmortyapi.com/api/location/13'}",148,Goddess Beth,1
148,Dead,"{'name': 'Earth (Replacement Dimension)', 'url': 'https://rickandmortyapi.com/api/location/20'}",149,Gordon Lunas,1
149,Dead,"{'name': 'Galactic Federation Prison', 'url': 'https://rickandmortyapi.com/api/location/39'}",150,Cornvelious Daniel,1
150,unknown,"{'name': 'Earth (Replacement Dimension)', 'url': 'https://rickandmortyapi.com/api/location/20'}",151,Gwendolyn,1
151,unknown,"{'name': 'Citadel of Ricks', 'url': 'https://rickandmortyapi.com/api/location/3'}",152,Hammerhead Morty,2
152,Alive,"{'name': 'Hamster in Butt World', 'url': 'https://rickandmortyapi.com/api/location/41'}",153,Hamster In Butt,2
153,Dead,"{'name': 'Earth (Replacement Dimension)', 'url': 'https://rickandmortyapi.com/api/location/20'}",154,Hamurai,1
154,Alive,"{'name': 'Earth (C-137)', 'url': 'https://rickandmortyapi.com/api/location/1'}",155,Harold,1
155,Alive,"{'name': 'Post-Apocalyptic Earth', 'url': 'https://rickandmortyapi.com/api/location/8'}",156,Hemorrhage,1
156,unknown,"{'name': 'Interdimensional Cable', 'url': 'https://rickandmortyapi.com/api/location/6'}",157,Hole in the Wall Where the Men Can See it All,1
157,Alive,"{'name': 'Interdimensional Customs', 'url': 'https://rickandmortyapi.com/api/location/38'}",158,Hookah Alien,1
158,Dead,"{'name': 'Earth (Giant Telepathic Spiders Dimension)', 'url': 'https://rickandmortyapi.com/api/location/42'}",159,Hunter,1
159,Alive,"{'name': 'Earth (Giant Telepathic Spiders Dimension)', 'url': 'https://rickandmortyapi.com/api/location/42'}",160,Hunter's Father,1
160,Alive,"{'name': 'Alphabetrium', 'url': 'https://rickandmortyapi.com/api/location/43'}",161,Hydrogen-F,1
161,Alive,"{'name': 'Alphabetrium', 'url': 'https://rickandmortyapi.com/api/location/43'}",162,Ice-T,1
162,Dead,"{'name': 'Nuptia 4', 'url': 'https://rickandmortyapi.com/api/location/13'}",163,Ideal Jerry,1
163,unknown,"{'name': 'Citadel of Ricks', 'url': 'https://rickandmortyapi.com/api/location/3'}",164,Insurance Rick,1
164,Dead,"{'name': 'Citadel of Ricks', 'url': 'https://rickandmortyapi.com/api/location/3'}",165,Investigator Rick,1
165,Alive,"{'name': 'Earth (Replacement Dimension)', 'url': 'https://rickandmortyapi.com/api/location/20'}",166,Invisi-trooper,1
166,Alive,"{'name': 'Earth (Replacement Dimension)', 'url': 'https://rickandmortyapi.com/api/location/20'}",167,Izzy,1
167,Alive,"{'name': 'Gazorpazorp', 'url': 'https://rickandmortyapi.com/api/location/40'}",168,Jackie,1
168,Alive,"{'name': 'Earth (C-137)', 'url': 'https://rickandmortyapi.com/api/location/1'}",169,Jacob,2
169,Alive,"{'name': 'Earth (Replacement Dimension)', 'url': 'https://rickandmortyapi.com/api/location/20'}",170,Jacqueline,1
170,Alive,"{'name': 'Earth (Replacement Dimension)', 'url': 'https://rickandmortyapi.com/api/location/20'}",171,Jaguar,1
171,Alive,"{'name': 'Earth (Replacement Dimension)', 'url': 'https://rickandmortyapi.com/api/location/20'}",172,Jamey,1
172,Alive,"{'name': 'Interdimensional Cable', 'url': 'https://rickandmortyapi.com/api/location/6'}",173,Jan-Michael Vincent,1
173,Alive,"{'name': 'Jerryboree', 'url': 'https://rickandmortyapi.com/api/location/44'}",174,Jerry 5-126,1
174,Alive,"{'name': 'Earth (C-137)', 'url': 'https://rickandmortyapi.com/api/location/1'}",175,Jerry Smith,7
175,Alive,"{'name': 'Earth (C-500A)', 'url': 'https://rickandmortyapi.com/api/location/23'}",176,Celebrity Jerry,1
176,Alive,"{'name': ""Earth (Evil Rick's Target Dimension)"", 'url': 'https://rickandmortyapi.com/api/location/34'}",177,Jerry Smith,1
177,Dead,"{'name': 'Nuptia 4', 'url': 'https://rickandmortyapi.com/api/location/13'}",178,Jerry's Mytholog,1
178,Alive,"{'name': 'Earth (C-137)', 'url': 'https://rickandmortyapi.com/api/location/1'}",179,Jessica,3
179,Alive,"{'name': 'Earth (Replacement Dimension)', 'url': 'https://rickandmortyapi.com/api/location/20'}",180,Jessica,12
180,Alive,"{'name': 'Earth (Replacement Dimension)', 'url': 'https://rickandmortyapi.com/api/location/20'}",181,Jessica's Friend,8
181,Alive,"{'name': 'Earth (Replacement Dimension)', 'url': 'https://rickandmortyapi.com/api/location/20'}",182,Jim,1
182,Alive,"{'name': 'Earth (C-500A)', 'url': 'https://rickandmortyapi.com/api/location/23'}",183,Johnny Depp,1
183,Alive,"{'name': 'Interdimensional Cable', 'url': 'https://rickandmortyapi.com/api/location/6'}",184,Jon,1
184,Alive,"{'name': 'Earth (Replacement Dimension)', 'url': 'https://rickandmortyapi.com/api/location/20'}",185,Joseph Eli Lipkip,1
185,Alive,"{'name': 'Earth (C-137)', 'url': 'https://rickandmortyapi.com/api/location/1'}",186,Joyce Smith,1
186,unknown,"{'name': 'Citadel of Ricks', 'url': 'https://rickandmortyapi.com/api/location/3'}",187,Juggling Rick,1
187,Alive,"{'name': ""Unity's Planet"", 'url': 'https://rickandmortyapi.com/api/location/28'}",188,Karen Entity,1
188,Dead,"{'name': 'Earth (Replacement Dimension)', 'url': 'https://rickandmortyapi.com/api/location/20'}",189,Katarina,1
189,Alive,"{'name': 'Earth (Replacement Dimension)', 'url': 'https://rickandmortyapi.com/api/location/20'}",190,Keara,1
190,Dead,"{'name': ""Zigerion's Base"", 'url': 'https://rickandmortyapi.com/api/location/46'}",191,Kevin,1
191,Alive,"{'name': 'Pluto', 'url': 'https://rickandmortyapi.com/api/location/47'}",192,King Flippy Nips,1
192,Dead,"{'name': 'Fantasy World', 'url': 'https://rickandmortyapi.com/api/location/48'}",193,King Jellybean,1
193,Alive,"{'name': 'Planet Squanch', 'url': 'https://rickandmortyapi.com/api/location/35'}",194,Kozbian,1
194,Alive,"{'name': 'Earth (C-500A)', 'url': 'https://rickandmortyapi.com/api/location/23'}",195,Kristen Stewart,1
195,Dead,"{'name': 'unknown', 'url': ''}",196,Krombopulos Michael,1
196,Dead,"{'name': ""Kyle's Teenyverse"", 'url': 'https://rickandmortyapi.com/api/location/50'}",197,Kyle,1
197,Dead,"{'name': 'Dorian 5', 'url': 'https://rickandmortyapi.com/api/location/29'}",198,Lady Katana,1
198,Alive,"{'name': 'Planet Squanch', 'url': 'https://rickandmortyapi.com/api/location/35'}",199,Larva Alien,3
199,unknown,"{'name': 'Citadel of Ricks', 'url': 'https://rickandmortyapi.com/api/location/3'}",200,Lawyer Morty,1
200,Alive,"{'name': 'Earth (C-137)', 'url': 'https://rickandmortyapi.com/api/location/1'}",201,Leonard Smith,1
201,Dead,"{'name': 'Purge Planet', 'url': 'https://rickandmortyapi.com/api/location/9'}",202,Lighthouse Keeper,1
202,Dead,"{'name': 'Earth (Replacement Dimension)', 'url': 'https://rickandmortyapi.com/api/location/20'}",203,Lil B,2
203,Dead,"{'name': 'Immortality Field Resort', 'url': 'https://rickandmortyapi.com/api/location/7'}",204,Lisa,1
204,Alive,"{'name': 'Interdimensional Cable', 'url': 'https://rickandmortyapi.com/api/location/6'}",205,Little Dipper,1
205,Alive,"{'name': 'Citadel of Ricks', 'url': 'https://rickandmortyapi.com/api/location/3'}",206,Lizard Morty,1
206,Alive,"{'name': 'Interdimensional Cable', 'url': 'https://rickandmortyapi.com/api/location/6'}",207,Loggins,3
207,Alive,"{'name': ""Worldender's lair"", 'url': 'https://rickandmortyapi.com/api/location/4'}",208,Logic,1
208,unknown,"{'name': 'Citadel of Ricks', 'url': 'https://rickandmortyapi.com/api/location/3'}",209,Long Sleeved Morty,1
209,Dead,"{'name': 'Earth (Replacement Dimension)', 'url': 'https://rickandmortyapi.com/api/location/20'}",210,Lucy,1
210,Alive,"{'name': 'Gazorpazorp', 'url': 'https://rickandmortyapi.com/api/location/40'}",211,Ma-Sha,1
211,Dead,"{'name': 'Alphabetrium', 'url': 'https://rickandmortyapi.com/api/location/43'}",212,Magma-Q,1
212,Alive,"{'name': 'Alphabetrium', 'url': 'https://rickandmortyapi.com/api/location/43'}",213,Magnesium-J,1
213,Alive,"{'name': 'Interdimensional Cable', 'url': 'https://rickandmortyapi.com/api/location/6'}",214,Man Painted Silver Who Makes Robot Noises,1
214,Dead,"{'name': ""Rick's Memories"", 'url': 'https://rickandmortyapi.com/api/location/126'}",215,Maximums Rickimus,3
215,Alive,"{'name': 'Earth (C-137)', 'url': 'https://rickandmortyapi.com/api/location/1'}",216,MC Haps,3
216,Dead,"{'name': 'Earth (Replacement Dimension)', 'url': 'https://rickandmortyapi.com/api/location/20'}",217,Mechanical Morty,1
217,unknown,"{'name': 'Earth (Replacement Dimension)', 'url': 'https://rickandmortyapi.com/api/location/20'}",218,Mechanical Rick,1
218,unknown,"{'name': 'Earth (Replacement Dimension)', 'url': 'https://rickandmortyapi.com/api/location/20'}",219,Mechanical Summer,1
219,Alive,"{'name': 'Citadel of Ricks', 'url': 'https://rickandmortyapi.com/api/location/3'}",220,Mega Fruit Farmer Rick,1
220,Alive,"{'name': ""Mr. Goldenfold's dream"", 'url': 'https://rickandmortyapi.com/api/location/18'}",221,Melissa,1
221,Alive,"{'name': 'Interdimensional Cable', 'url': 'https://rickandmortyapi.com/api/location/6'}",222,Michael Denny and the Denny Singers,1
222,Dead,"{'name': 'Interdimensional Cable', 'url': 'https://rickandmortyapi.com/api/location/6'}",223,Michael Jenkins,1
223,Alive,"{'name': 'Interdimensional Cable', 'url': 'https://rickandmortyapi.com/api/location/6'}",224,Michael McLick,1
224,Alive,"{'name': 'Interdimensional Cable', 'url': 'https://rickandmortyapi.com/api/location/6'}",225,Michael Thompson,1
225,Dead,"{'name': ""Worldender's lair"", 'url': 'https://rickandmortyapi.com/api/location/4'}",226,Million Ants,1
226,Alive,"{'name': 'Earth (Replacement Dimension)', 'url': 'https://rickandmortyapi.com/api/location/20'}",227,Mitch,1
227,Dead,"{'name': 'Post-Apocalyptic Earth', 'url': 'https://rickandmortyapi.com/api/location/8'}",228,Mohawk Guy,1
228,Alive,"{'name': 'Citadel of Ricks', 'url': 'https://rickandmortyapi.com/api/location/3'}",229,Morty Mart Manager Morty,1
229,Alive,"{'name': 'Earth (Replacement Dimension)', 'url': 'https://rickandmortyapi.com/api/location/20'}",230,Morty Jr.,1
230,unknown,"{'name': 'Citadel of Ricks', 'url': 'https://rickandmortyapi.com/api/location/3'}",231,Morty Rick,1
231,Alive,"{'name': ""Earth (Evil Rick's Target Dimension)"", 'url': 'https://rickandmortyapi.com/api/location/34'}",232,Morty Smith,1
232,Alive,"{'name': 'Earth (Replacement Dimension)', 'url': 'https://rickandmortyapi.com/api/location/20'}",233,Morty K-22,1
233,Dead,"{'name': 'Earth (Replacement Dimension)', 'url': 'https://rickandmortyapi.com/api/location/20'}",234,Morty Smith,1
234,Dead,"{'name': 'Citadel of Ricks', 'url': 'https://rickandmortyapi.com/api/location/3'}",235,Mortytown Loco,1
235,Dead,"{'name': 'Earth (Replacement Dimension)', 'url': 'https://rickandmortyapi.com/api/location/20'}",236,Mr. Beauregard,1
236,Alive,"{'name': 'Earth (Replacement Dimension)', 'url': 'https://rickandmortyapi.com/api/location/20'}",237,Mr. Benson,1
237,Alive,"{'name': 'Fantasy World', 'url': 'https://rickandmortyapi.com/api/location/48'}",238,Mr. Booby Buyer,1
238,Alive,"{'name': 'Earth (C-137)', 'url': 'https://rickandmortyapi.com/api/location/1'}",239,Mr. Goldenfold,4
239,Alive,"{'name': 'Earth (Replacement Dimension)', 'url': 'https://rickandmortyapi.com/api/location/20'}",240,Mr. Goldenfold,10
240,Alive,"{'name': 'Earth (Replacement Dimension)', 'url': 'https://rickandmortyapi.com/api/location/20'}",241,Mr. Marklovitz,2
241,unknown,"{'name': 'Earth (Fascist Dimension)', 'url': 'https://rickandmortyapi.com/api/location/77'}",242,Mr. Meeseeks,5
242,Alive,"{'name': 'Earth (Replacement Dimension)', 'url': 'https://rickandmortyapi.com/api/location/20'}",243,Mr. Needful,1
243,Alive,"{'name': 'Earth (Replacement Dimension)', 'url': 'https://rickandmortyapi.com/api/location/20'}",244,Mr. Poopybutthole,7
244,Alive,"{'name': 'Earth (Replacement Dimension)', 'url': 'https://rickandmortyapi.com/api/location/20'}",245,Mrs. Lipkip,1
245,Alive,"{'name': ""Mr. Goldenfold's dream"", 'url': 'https://rickandmortyapi.com/api/location/18'}",246,Mrs. Pancakes,2
246,Alive,"{'name': 'unknown', 'url': ''}",247,Amy Poopybutthole,1
247,Dead,"{'name': 'Earth (Replacement Dimension)', 'url': 'https://rickandmortyapi.com/api/location/20'}",248,Mrs. Refrigerator,1
248,unknown,"{'name': 'unknown', 'url': ''}",249,Mrs. Sanchez,4
249,Dead,"{'name': 'Interdimensional Cable', 'url': 'https://rickandmortyapi.com/api/location/6'}",250,Mrs. Sullivan,1
250,Alive,"{'name': 'Earth (Replacement Dimension)', 'url': 'https://rickandmortyapi.com/api/location/20'}",251,Nancy,6
251,Alive,"{'name': ""Vindicator's Base"", 'url': 'https://rickandmortyapi.com/api/location/54'}",252,Noob-Noob,1
252,unknown,"{'name': 'Alphabetrium', 'url': 'https://rickandmortyapi.com/api/location/43'}",253,Numbericon,1
253,Alive,"{'name': 'Interdimensional Cable', 'url': 'https://rickandmortyapi.com/api/location/6'}",254,Octopus Man,1
254,Alive,"{'name': 'Earth (Replacement Dimension)', 'url': 'https://rickandmortyapi.com/api/location/20'}",255,Orthodox Jew,1
255,Dead,"{'name': 'Planet Squanch', 'url': 'https://rickandmortyapi.com/api/location/35'}",256,Pat Gueterman,1
256,Alive,"{'name': 'Jerryboree', 'url': 'https://rickandmortyapi.com/api/location/44'}",257,Paul Fleishman,1
257,Alive,"{'name': 'Pawn Shop Planet', 'url': 'https://rickandmortyapi.com/api/location/55'}",258,Pawnshop Clerk,1
258,Dead,"{'name': 'Earth (Replacement Dimension)', 'url': 'https://rickandmortyapi.com/api/location/20'}",259,Pencilvester,1
259,Alive,"{'name': 'Interdimensional Cable', 'url': 'https://rickandmortyapi.com/api/location/6'}",260,Phillip Jacobs,1
260,unknown,"{'name': 'Planet Squanch', 'url': 'https://rickandmortyapi.com/api/location/35'}",261,Photography Cyborg,1
261,Dead,"{'name': 'Earth (Replacement Dimension)', 'url': 'https://rickandmortyapi.com/api/location/20'}",262,Photography Raptor,1
262,Alive,"{'name': 'St. Gloopy Noops Hospital', 'url': 'https://rickandmortyapi.com/api/location/16'}",263,Pibbles Bodyguard,1
263,Alive,"{'name': 'Interdimensional Cable', 'url': 'https://rickandmortyapi.com/api/location/6'}",264,Pichael Thompson,1
264,Alive,"{'name': 'Earth (Replacement Dimension)', 'url': 'https://rickandmortyapi.com/api/location/20'}",265,Pickle Rick,1
265,Alive,"{'name': 'Interdimensional Cable', 'url': 'https://rickandmortyapi.com/api/location/6'}",266,Piece of Toast,2
266,Alive,"{'name': 'Citadel of Ricks', 'url': 'https://rickandmortyapi.com/api/location/3'}",267,Plumber Rick,1
267,Dead,"{'name': 'Anatomy Park', 'url': 'https://rickandmortyapi.com/api/location/5'}",268,Poncho,1
268,Alive,"{'name': 'Mega Gargantuan Kingdom', 'url': 'https://rickandmortyapi.com/api/location/56'}",269,Presidentress of The Mega Gargantuans,1
269,Dead,"{'name': ""Zigerion's Base"", 'url': 'https://rickandmortyapi.com/api/location/46'}",270,Prince Nebulon,1
270,Alive,"{'name': 'Earth (C-137)', 'url': 'https://rickandmortyapi.com/api/location/1'}",271,Principal Vagina,3
271,Alive,"{'name': 'Earth (Replacement Dimension)', 'url': 'https://rickandmortyapi.com/api/location/20'}",272,Principal Vagina,6
272,Dead,"{'name': 'Purge Planet', 'url': 'https://rickandmortyapi.com/api/location/9'}",273,Purge Planet Ruler,1
273,unknown,"{'name': ""Rick's Memories"", 'url': 'https://rickandmortyapi.com/api/location/126'}",274,Quantum Rick,3
274,Alive,"{'name': 'Interdimensional Cable', 'url': 'https://rickandmortyapi.com/api/location/6'}",275,Randy Dicknose,1
275,Dead,"{'name': 'Earth (Replacement Dimension)', 'url': 'https://rickandmortyapi.com/api/location/20'}",276,Rat Boss,1
276,Alive,"{'name': 'Interdimensional Cable', 'url': 'https://rickandmortyapi.com/api/location/6'}",277,Real Fake Doors Salesman,1
277,Dead,"{'name': 'Citadel of Ricks', 'url': 'https://rickandmortyapi.com/api/location/3'}",278,Regional Manager Rick,1
278,Alive,"{'name': 'Interdimensional Cable', 'url': 'https://rickandmortyapi.com/api/location/6'}",279,Regular Legs,1
279,Dead,"{'name': 'Earth (Replacement Dimension)', 'url': 'https://rickandmortyapi.com/api/location/20'}",280,Reverse Giraffe,1
280,Dead,"{'name': 'Citadel of Ricks', 'url': 'https://rickandmortyapi.com/api/location/3'}",281,Reverse Rick Outrage,1
281,unknown,"{'name': 'Gear World', 'url': 'https://rickandmortyapi.com/api/location/57'}",282,Revolio Clockberg Jr.,3
282,Dead,"{'name': 'Citadel of Ricks', 'url': 'https://rickandmortyapi.com/api/location/3'}",283,Rick D. Sanchez III,1
283,unknown,"{'name': 'Citadel of Ricks', 'url': 'https://rickandmortyapi.com/api/location/3'}",284,Rick Guilt Rick,1
284,Dead,"{'name': 'Citadel of Ricks', 'url': 'https://rickandmortyapi.com/api/location/3'}",285,Rick Prime,2
285,Dead,"{'name': 'Citadel of Ricks', 'url': 'https://rickandmortyapi.com/api/location/3'}",286,Rick D-99,1
286,Dead,"{'name': 'Citadel of Ricks', 'url': 'https://rickandmortyapi.com/api/location/3'}",287,Rick D716,1
287,Alive,"{'name': 'Citadel of Ricks', 'url': 'https://rickandmortyapi.com/api/location/3'}",288,Rick D716-B,1
288,Alive,"{'name': 'Citadel of Ricks', 'url': 'https://rickandmortyapi.com/api/location/3'}",289,Rick D716-C,1
289,Dead,"{'name': ""Earth (Evil Rick's Target Dimension)"", 'url': 'https://rickandmortyapi.com/api/location/34'}",290,Rick Sanchez,1
290,Alive,"{'name': 'Citadel of Ricks', 'url': 'https://rickandmortyapi.com/api/location/3'}",291,Rick J-22,1
291,Alive,"{'name': 'Earth (Replacement Dimension)', 'url': 'https://rickandmortyapi.com/api/location/20'}",292,Rick K-22,1
292,Dead,"{'name': 'Earth (Replacement Dimension)', 'url': 'https://rickandmortyapi.com/api/location/20'}",293,Rick Sanchez,1
293,Dead,"{'name': ""Rick's Memories"", 'url': 'https://rickandmortyapi.com/api/location/126'}",294,Ricktiminus Sancheziminius,3
294,Dead,"{'name': 'Citadel of Ricks', 'url': 'https://rickandmortyapi.com/api/location/3'}",295,Riq IV,3
295,Dead,"{'name': 'Resort Planet', 'url': 'https://rickandmortyapi.com/api/location/37'}",296,Risotto Groupon,1
296,Dead,"{'name': 'Resort Planet', 'url': 'https://rickandmortyapi.com/api/location/37'}",297,Risotto's Tentacled Henchman,1
297,unknown,"{'name': 'Citadel of Ricks', 'url': 'https://rickandmortyapi.com/api/location/3'}",298,Robot Morty,1
298,unknown,"{'name': 'Citadel of Ricks', 'url': 'https://rickandmortyapi.com/api/location/3'}",299,Robot Rick,1
299,Dead,"{'name': 'Anatomy Park', 'url': 'https://rickandmortyapi.com/api/location/5'}",300,Roger,1
300,Alive,"{'name': ""Unity's Planet"", 'url': 'https://rickandmortyapi.com/api/location/28'}",301,Ron Benson,1
301,Dead,"{'name': 'Earth (C-137)', 'url': 'https://rickandmortyapi.com/api/location/1'}",302,Ruben,1
302,Alive,"{'name': 'Earth (C-137)', 'url': 'https://rickandmortyapi.com/api/location/1'}",303,Samantha,1
303,Alive,"{'name': ""Mr. Goldenfold's dream"", 'url': 'https://rickandmortyapi.com/api/location/18'}",304,Scary Brandon,1
304,Alive,"{'name': ""Mr. Goldenfold's dream"", 'url': 'https://rickandmortyapi.com/api/location/18'}",305,Scary Glenn,1
305,Alive,"{'name': ""Mr. Goldenfold's dream"", 'url': 'https://rickandmortyapi.com/api/location/18'}",306,Scary Terry,1
306,Alive,"{'name': 'Pluto', 'url': 'https://rickandmortyapi.com/api/location/47'}",307,Scroopy Noopers,1
307,unknown,"{'name': 'Planet Squanch', 'url': 'https://rickandmortyapi.com/api/location/35'}",308,Scropon,2
308,Alive,"{'name': 'Signus 5 Expanse', 'url': 'https://rickandmortyapi.com/api/location/22'}",309,Scrotian,4
309,unknown,"{'name': 'Nuptia 4', 'url': 'https://rickandmortyapi.com/api/location/13'}",310,Self-Congratulatory Jerry,1
310,Alive,"{'name': 'Planet Squanch', 'url': 'https://rickandmortyapi.com/api/location/35'}",311,Shimshamian,3
311,Alive,"{'name': 'Interdimensional Cable', 'url': 'https://rickandmortyapi.com/api/location/6'}",312,Shlaammi,1
312,Alive,"{'name': 'Snake Planet', 'url': 'https://rickandmortyapi.com/api/location/78'}",313,Shleemypants,2
313,Alive,"{'name': 'Interdimensional Cable', 'url': 'https://rickandmortyapi.com/api/location/6'}",314,Shmlamantha Shmlicelli,1
314,Alive,"{'name': 'Interdimensional Cable', 'url': 'https://rickandmortyapi.com/api/location/6'}",315,Shmlangela Shmlobinson-Shmlower,1
315,Alive,"{'name': 'Interdimensional Cable', 'url': 'https://rickandmortyapi.com/api/location/6'}",316,Shmlona Shmlobinson,1
316,Alive,"{'name': 'Interdimensional Cable', 'url': 'https://rickandmortyapi.com/api/location/6'}",317,Shmlonathan Shmlower,1
317,Alive,"{'name': 'Interdimensional Cable', 'url': 'https://rickandmortyapi.com/api/location/6'}",318,Shmlony Shmlicelli,1
318,unknown,"{'name': 'Resort Planet', 'url': 'https://rickandmortyapi.com/api/location/37'}",319,Shmooglite Runner,1
319,unknown,"{'name': 'Immortality Field Resort', 'url': 'https://rickandmortyapi.com/api/location/7'}",320,Shnoopy Bloopers,1
320,Alive,"{'name': 'St. Gloopy Noops Hospital', 'url': 'https://rickandmortyapi.com/api/location/16'}",321,Shrimply Pibbles,1
321,Dead,"{'name': 'Citadel of Ricks', 'url': 'https://rickandmortyapi.com/api/location/3'}",322,Simple Rick,1
322,Dead,"{'name': 'Post-Apocalyptic Earth', 'url': 'https://rickandmortyapi.com/api/location/8'}",323,Slaveowner,1
323,Dead,"{'name': 'Earth (Replacement Dimension)', 'url': 'https://rickandmortyapi.com/api/location/20'}",324,Sleepy Gary,1
324,Dead,"{'name': 'Citadel of Ricks', 'url': 'https://rickandmortyapi.com/api/location/3'}",325,Slick Morty,1
325,Alive,"{'name': 'Earth (Replacement Dimension)', 'url': 'https://rickandmortyapi.com/api/location/20'}",326,Slippery Stair,2
326,Alive,"{'name': 'Earth (Replacement Dimension)', 'url': 'https://rickandmortyapi.com/api/location/20'}",327,Slow Mobius,1
327,Alive,"{'name': 'Citadel of Ricks', 'url': 'https://rickandmortyapi.com/api/location/3'}",328,Slow Rick,1
328,Alive,"{'name': 'unknown', 'url': ''}",329,Snuffles (Snowball),8
329,unknown,"{'name': 'Citadel of Ricks', 'url': 'https://rickandmortyapi.com/api/location/3'}",330,Solicitor Rick,2
330,unknown,"{'name': 'Planet Squanch', 'url': 'https://rickandmortyapi.com/api/location/35'}",331,Squanchy,3
331,Alive,"{'name': 'Earth (Replacement Dimension)', 'url': 'https://rickandmortyapi.com/api/location/20'}",332,Stacy,1
332,Alive,"{'name': 'Fantasy World', 'url': 'https://rickandmortyapi.com/api/location/48'}",333,Stair Goblin,3
333,Alive,"{'name': 'Interdimensional Cable', 'url': 'https://rickandmortyapi.com/api/location/6'}",334,Stealy,1
334,Alive,"{'name': 'Earth (Replacement Dimension)', 'url': 'https://rickandmortyapi.com/api/location/20'}",335,Steve,1
335,Alive,"{'name': ""Unity's Planet"", 'url': 'https://rickandmortyapi.com/api/location/28'}",336,Steven Phillips,1
336,Dead,"{'name': ""Zigerion's Base"", 'url': 'https://rickandmortyapi.com/api/location/46'}",337,Stu,1
337,Alive,"{'name': 'Earth (C-137)', 'url': 'https://rickandmortyapi.com/api/location/1'}",338,Summer Smith,7
338,Alive,"{'name': ""Earth (Evil Rick's Target Dimension)"", 'url': 'https://rickandmortyapi.com/api/location/34'}",339,Summer Smith,1
339,Alive,"{'name': ""Worldender's lair"", 'url': 'https://rickandmortyapi.com/api/location/4'}",340,Supernova,1
340,Alive,"{'name': 'Earth (Replacement Dimension)', 'url': 'https://rickandmortyapi.com/api/location/20'}",341,Taddy Mason,1
341,Alive,"{'name': 'Post-Apocalyptic Earth', 'url': 'https://rickandmortyapi.com/api/location/8'}",342,Taint Washer,1
342,Alive,"{'name': 'Earth (C-137)', 'url': 'https://rickandmortyapi.com/api/location/1'}",343,Tammy Guetermann,2
343,Dead,"{'name': 'NX-5 Planet Remover', 'url': 'https://rickandmortyapi.com/api/location/105'}",344,Tammy Guetermann,5
344,Alive,"{'name': 'Citadel of Ricks', 'url': 'https://rickandmortyapi.com/api/location/3'}",345,Teacher Rick,1
345,unknown,"{'name': 'Earth (Replacement Dimension)', 'url': 'https://rickandmortyapi.com/api/location/20'}",346,Terry,1
346,Alive,"{'name': 'Earth (Replacement Dimension)', 'url': 'https://rickandmortyapi.com/api/location/20'}",347,President Curtis,5
347,Dead,"{'name': ""Zeep Xanflorp's Miniverse"", 'url': 'https://rickandmortyapi.com/api/location/49'}",348,The President of the Miniverse,1
348,Dead,"{'name': 'unknown', 'url': ''}",349,The Scientist Formerly Known as Rick,1
349,unknown,"{'name': 'Froopyland', 'url': 'https://rickandmortyapi.com/api/location/63'}",350,Thomas Lipkip,1
350,Alive,"{'name': 'Interdimensional Cable', 'url': 'https://rickandmortyapi.com/api/location/6'}",351,Three Unknown Things,1
351,Dead,"{'name': 'Earth (Replacement Dimension)', 'url': 'https://rickandmortyapi.com/api/location/20'}",352,Tinkles,1
352,Dead,"{'name': 'Earth (Replacement Dimension)', 'url': 'https://rickandmortyapi.com/api/location/20'}",353,Tiny Rick,1
353,Alive,"{'name': 'Earth (Replacement Dimension)', 'url': 'https://rickandmortyapi.com/api/location/20'}",354,Toby Matthews,1
354,Alive,"{'name': ""Unity's Planet"", 'url': 'https://rickandmortyapi.com/api/location/28'}",355,Todd Crystal,1
355,Alive,"{'name': 'Earth (C-137)', 'url': 'https://rickandmortyapi.com/api/location/1'}",356,Tom Randolph,1
356,Alive,"{'name': 'Earth (Replacement Dimension)', 'url': 'https://rickandmortyapi.com/api/location/20'}",357,Tommy's Clone,1
357,Dead,"{'name': 'Interdimensional Cable', 'url': 'https://rickandmortyapi.com/api/location/6'}",358,Tophat Jones,3
358,unknown,"{'name': 'Citadel of Ricks', 'url': 'https://rickandmortyapi.com/api/location/3'}",359,Tortured Morty,1
359,Dead,"{'name': 'Earth (Replacement Dimension)', 'url': 'https://rickandmortyapi.com/api/location/20'}",360,Toxic Morty,1
360,Dead,"{'name': 'Earth (Replacement Dimension)', 'url': 'https://rickandmortyapi.com/api/location/20'}",361,Toxic Rick,1
361,Alive,"{'name': ""Worldender's lair"", 'url': 'https://rickandmortyapi.com/api/location/4'}",362,Traflorkian,5
362,Alive,"{'name': 'Earth (Replacement Dimension)', 'url': 'https://rickandmortyapi.com/api/location/20'}",363,Trandor,1
363,Dead,"{'name': ""Kyle's Teenyverse"", 'url': 'https://rickandmortyapi.com/api/location/50'}",364,Tree Person,1
364,Alive,"{'name': 'Earth (Replacement Dimension)', 'url': 'https://rickandmortyapi.com/api/location/20'}",365,Tricia Lange,5
365,Alive,"{'name': 'Citadel of Ricks', 'url': 'https://rickandmortyapi.com/api/location/3'}",366,Trunk Morty,1
366,Alive,"{'name': 'Interdimensional Cable', 'url': 'https://rickandmortyapi.com/api/location/6'}",367,Trunk Man,2
367,unknown,"{'name': 'unknown', 'url': ''}",368,Truth Tortoise,1
368,unknown,"{'name': 'Resort Planet', 'url': 'https://rickandmortyapi.com/api/location/37'}",369,Tusked Assassin,1
369,Alive,"{'name': 'Interdimensional Cable', 'url': 'https://rickandmortyapi.com/api/location/6'}",370,Two Guys with Handlebar Mustaches,1
370,Alive,"{'name': 'Plopstar', 'url': 'https://rickandmortyapi.com/api/location/66'}",371,Tumblorkian,1
371,Alive,"{'name': ""Unity's Planet"", 'url': 'https://rickandmortyapi.com/api/location/28'}",372,Unity,1
372,Alive,"{'name': 'Interdimensional Cable', 'url': 'https://rickandmortyapi.com/api/location/6'}",373,Unmuscular Michael,1
373,Alive,"{'name': 'Earth (Replacement Dimension)', 'url': 'https://rickandmortyapi.com/api/location/20'}",374,Vampire Master,1
374,Dead,"{'name': ""Worldender's lair"", 'url': 'https://rickandmortyapi.com/api/location/4'}",375,Vance Maximus,1
375,Alive,"{'name': 'Gazorpazorp', 'url': 'https://rickandmortyapi.com/api/location/40'}",376,Veronica Ann Bennet,1
376,Dead,"{'name': 'Earth (Replacement Dimension)', 'url': 'https://rickandmortyapi.com/api/location/20'}",377,Voltematron,1
377,unknown,"{'name': 'Citadel of Ricks', 'url': 'https://rickandmortyapi.com/api/location/3'}",378,Wall Crawling Rick,1
378,unknown,"{'name': 'Planet Squanch', 'url': 'https://rickandmortyapi.com/api/location/35'}",379,Wedding Bartender,1
379,unknown,"{'name': 'unknown', 'url': ''}",380,Unknown Rick,2
380,Alive,"{'name': 'unknown', 'url': ''}",381,Woman Rick,1
381,Dead,"{'name': ""Worldender's lair"", 'url': 'https://rickandmortyapi.com/api/location/4'}",382,Worldender,1
382,Alive,"{'name': 'St. Gloopy Noops Hospital', 'url': 'https://rickandmortyapi.com/api/location/16'}",383,Yaarb,1
383,Alive,"{'name': 'St. Gloopy Noops Hospital', 'url': 'https://rickandmortyapi.com/api/location/16'}",384,Yellow Headed Doctor,1
384,unknown,"{'name': 'Citadel of Ricks', 'url': 'https://rickandmortyapi.com/api/location/3'}",385,Yellow Shirt Rick,1
385,Dead,"{'name': 'Nuptia 4', 'url': 'https://rickandmortyapi.com/api/location/13'}",386,Zarbadar Gloonch,2
386,unknown,"{'name': 'Nuptia 4', 'url': 'https://rickandmortyapi.com/api/location/13'}",387,Zarbadar's Mytholog,1
387,Alive,"{'name': ""Rick's Battery Microverse"", 'url': 'https://rickandmortyapi.com/api/location/24'}",388,Zeep Xanflorp,1
388,Dead,"{'name': ""Rick's Memories"", 'url': 'https://rickandmortyapi.com/api/location/126'}",389,Zeta Alpha Rick,4
389,Dead,"{'name': 'Earth (Replacement Dimension)', 'url': 'https://rickandmortyapi.com/api/location/20'}",390,Zick Zack,1
390,Dead,"{'name': 'Earth (Replacement Dimension)', 'url': 'https://rickandmortyapi.com/api/location/20'}",391,Uncle Steve,1
391,Alive,"{'name': 'Citadel of Ricks', 'url': 'https://rickandmortyapi.com/api/location/3'}",392,Bearded Morty,2
392,Alive,"{'name': 'Roy: A Life Well Lived', 'url': 'https://rickandmortyapi.com/api/location/32'}",393,Roy,1
393,Dead,"{'name': 'Earth (C-137)', 'url': 'https://rickandmortyapi.com/api/location/1'}",394,Davin,2
394,Alive,"{'name': ""Worldender's lair"", 'url': 'https://rickandmortyapi.com/api/location/4'}",395,Greebybobe,4
395,Alive,"{'name': ""Mr. Goldenfold's dream"", 'url': 'https://rickandmortyapi.com/api/location/18'}",396,Scary Teacher,1
396,Alive,"{'name': ""Snuffles' Dream"", 'url': 'https://rickandmortyapi.com/api/location/70'}",397,Fido,1
397,Alive,"{'name': ""Snuffles' Dream"", 'url': 'https://rickandmortyapi.com/api/location/70'}",398,Accountant dog,1
398,Alive,"{'name': ""Giant's Town"", 'url': 'https://rickandmortyapi.com/api/location/14'}",399,Tiny-persons advocacy group lawyer,1
399,Alive,"{'name': ""Giant's Town"", 'url': 'https://rickandmortyapi.com/api/location/14'}",400,Giant Judge,1
400,Alive,"{'name': 'Earth (Replacement Dimension)', 'url': 'https://rickandmortyapi.com/api/location/20'}",401,Morty Jr's interviewer,1
401,Alive,"{'name': 'Earth (Replacement Dimension)', 'url': 'https://rickandmortyapi.com/api/location/20'}",402,Guy from The Bachelor,1
402,Dead,"{'name': 'Interdimensional Cable', 'url': 'https://rickandmortyapi.com/api/location/6'}",403,Corn detective,1
403,Alive,"{'name': 'Earth (Phone Dimension)', 'url': 'https://rickandmortyapi.com/api/location/72'}",404,Michael Jackson,1
404,Alive,"{'name': 'Earth (Replacement Dimension)', 'url': 'https://rickandmortyapi.com/api/location/20'}",405,Trunkphobic suspenders guy,4
405,Alive,"{'name': 'Interdimensional Cable', 'url': 'https://rickandmortyapi.com/api/location/6'}",406,Spiderweb teddy bear,1
406,Alive,"{'name': 'Interdimensional Cable', 'url': 'https://rickandmortyapi.com/api/location/6'}",407,Regular Tyrion Lannister,1
407,Alive,"{'name': 'Interdimensional Cable', 'url': 'https://rickandmortyapi.com/api/location/6'}",408,Quick Mystery Presenter,1
408,Alive,"{'name': 'Interdimensional Cable', 'url': 'https://rickandmortyapi.com/api/location/6'}",409,Mr. Sneezy,1
409,Alive,"{'name': 'Interdimensional Cable', 'url': 'https://rickandmortyapi.com/api/location/6'}",410,Two Brothers,1
410,unknown,"{'name': 'Interdimensional Cable', 'url': 'https://rickandmortyapi.com/api/location/6'}",411,Alien Mexican Armada,1
411,unknown,"{'name': 'Interdimensional Cable', 'url': 'https://rickandmortyapi.com/api/location/6'}",412,Giant Cat Monster,1
412,unknown,"{'name': 'Interdimensional Cable', 'url': 'https://rickandmortyapi.com/api/location/6'}",413,Old Women,1
413,Alive,"{'name': 'Interdimensional Cable', 'url': 'https://rickandmortyapi.com/api/location/6'}",414,Trunkphobic guy,1
414,Alive,"{'name': 'Interdimensional Cable', 'url': 'https://rickandmortyapi.com/api/location/6'}",415,Pro trunk people marriage guy,1
415,Alive,"{'name': 'Interdimensional Cable', 'url': 'https://rickandmortyapi.com/api/location/6'}",416,Muscular Mannie,1
416,Alive,"{'name': 'Interdimensional Cable', 'url': 'https://rickandmortyapi.com/api/location/6'}",417,Baby Legs Chief,1
417,Alive,"{'name': 'Interdimensional Cable', 'url': 'https://rickandmortyapi.com/api/location/6'}",418,Mrs. Sullivan's Boyfriend,1
418,Alive,"{'name': 'Pluto', 'url': 'https://rickandmortyapi.com/api/location/47'}",419,Plutonian Hostess,1
419,Alive,"{'name': 'Pluto', 'url': 'https://rickandmortyapi.com/api/location/47'}",420,Plutonian Host,1
420,Alive,"{'name': 'Pluto', 'url': 'https://rickandmortyapi.com/api/location/47'}",421,Rich Plutonian,1
421,Alive,"{'name': 'Pluto', 'url': 'https://rickandmortyapi.com/api/location/47'}",422,Rich Plutonian,1
422,Alive,"{'name': 'Earth (Replacement Dimension)', 'url': 'https://rickandmortyapi.com/api/location/20'}",423,Synthetic Laser Eels,1
423,Alive,"{'name': 'Earth (Pizza Dimension)', 'url': 'https://rickandmortyapi.com/api/location/71'}",424,Pizza-person,1
424,Alive,"{'name': 'Earth (Pizza Dimension)', 'url': 'https://rickandmortyapi.com/api/location/71'}",425,Pizza-person,1
425,Alive,"{'name': 'Greasy Grandma World', 'url': 'https://rickandmortyapi.com/api/location/73'}",426,Greasy Grandma,1
426,Alive,"{'name': 'Earth (Phone Dimension)', 'url': 'https://rickandmortyapi.com/api/location/72'}",427,Phone-person,1
427,Alive,"{'name': 'Earth (Phone Dimension)', 'url': 'https://rickandmortyapi.com/api/location/72'}",428,Phone-person,1
428,Alive,"{'name': 'Earth (Chair Dimension)', 'url': 'https://rickandmortyapi.com/api/location/74'}",429,Chair-person,1
429,Alive,"{'name': 'Earth (Chair Dimension)', 'url': 'https://rickandmortyapi.com/api/location/74'}",430,Chair-person,1
430,Alive,"{'name': 'Earth (Chair Dimension)', 'url': 'https://rickandmortyapi.com/api/location/74'}",431,Chair-homeless,1
431,Alive,"{'name': 'Earth (Chair Dimension)', 'url': 'https://rickandmortyapi.com/api/location/74'}",432,Chair-waiter,1
432,Alive,"{'name': 'unknown', 'url': ''}",433,Doopidoo,1
433,unknown,"{'name': 'unknown', 'url': ''}",434,Super Weird Rick,1
434,Alive,"{'name': 'Earth (Replacement Dimension)', 'url': 'https://rickandmortyapi.com/api/location/20'}",435,Pripudlian,4
435,Alive,"{'name': 'Testicle Monster Dimension', 'url': 'https://rickandmortyapi.com/api/location/21'}",436,Giant Testicle Monster,2
436,Alive,"{'name': 'Earth (Replacement Dimension)', 'url': 'https://rickandmortyapi.com/api/location/20'}",437,Michael,1
437,Alive,"{'name': 'Earth (Replacement Dimension)', 'url': 'https://rickandmortyapi.com/api/location/20'}",438,Michael's Lawyer,1
438,Alive,"{'name': 'Earth (Replacement Dimension)', 'url': 'https://rickandmortyapi.com/api/location/20'}",439,Veterinary,1
439,Alive,"{'name': 'Earth (Replacement Dimension)', 'url': 'https://rickandmortyapi.com/api/location/20'}",440,Veterinary Nurse,1
440,Alive,"{'name': 'Jerryboree', 'url': 'https://rickandmortyapi.com/api/location/44'}",441,Bearded Jerry,1
441,Alive,"{'name': 'Jerryboree', 'url': 'https://rickandmortyapi.com/api/location/44'}",442,Shaved Head Jerry,1
442,Alive,"{'name': 'Jerryboree', 'url': 'https://rickandmortyapi.com/api/location/44'}",443,Tank Top Jerry,1
443,Alive,"{'name': 'Jerryboree', 'url': 'https://rickandmortyapi.com/api/location/44'}",444,Pink Polo Shirt Jerry,1
444,Alive,"{'name': 'Jerryboree', 'url': 'https://rickandmortyapi.com/api/location/44'}",445,Jerryboree Keeper,1
445,Alive,"{'name': 'Jerryboree', 'url': 'https://rickandmortyapi.com/api/location/44'}",446,Jerryboree Receptionist,1
446,Alive,"{'name': 'Gear World', 'url': 'https://rickandmortyapi.com/api/location/57'}",447,Anchor Gear,1
447,Dead,"{'name': 'Gear World', 'url': 'https://rickandmortyapi.com/api/location/57'}",448,Gear Cop,1
448,Alive,"{'name': 'Roy: A Life Well Lived', 'url': 'https://rickandmortyapi.com/api/location/32'}",449,Roy's Mum,1
449,Alive,"{'name': 'Roy: A Life Well Lived', 'url': 'https://rickandmortyapi.com/api/location/32'}",450,Roy's Wife,1
450,Alive,"{'name': 'Roy: A Life Well Lived', 'url': 'https://rickandmortyapi.com/api/location/32'}",451,Roy's Son,1
451,Alive,"{'name': 'Earth (Replacement Dimension)', 'url': 'https://rickandmortyapi.com/api/location/20'}",452,Simon,1
452,Alive,"{'name': 'Earth (Replacement Dimension)', 'url': 'https://rickandmortyapi.com/api/location/20'}",453,Vampire Master's Assistant,1
453,Alive,"{'name': 'St. Gloopy Noops Hospital', 'url': 'https://rickandmortyapi.com/api/location/16'}",454,Arbolian Mentirososian,3
454,Alive,"{'name': 'St. Gloopy Noops Hospital', 'url': 'https://rickandmortyapi.com/api/location/16'}",455,St. Gloopy Noops Nurse,1
455,Alive,"{'name': 'St. Gloopy Noops Hospital', 'url': 'https://rickandmortyapi.com/api/location/16'}",456,Nano Doctor,1
456,Alive,"{'name': 'Interdimensional Cable', 'url': 'https://rickandmortyapi.com/api/location/6'}",457,Funny Songs Presenter,1
457,unknown,"{'name': 'Interdimensional Cable', 'url': 'https://rickandmortyapi.com/api/location/6'}",458,Tax Attorney,1
458,Alive,"{'name': 'Interdimensional Cable', 'url': 'https://rickandmortyapi.com/api/location/6'}",459,Butthole Ice Cream Guy,1
459,Alive,"{'name': 'St. Gloopy Noops Hospital', 'url': 'https://rickandmortyapi.com/api/location/16'}",460,Traflorkian Journalist,1
460,Dead,"{'name': 'Citadel of Ricks', 'url': 'https://rickandmortyapi.com/api/location/3'}",461,Communication's Responsible Rick,1
461,unknown,"{'name': 'Citadel of Ricks', 'url': 'https://rickandmortyapi.com/api/location/3'}",462,Teleportation's Responsible Rick,1
462,Dead,"{'name': 'Citadel of Ricks', 'url': 'https://rickandmortyapi.com/api/location/3'}",463,SEAL Team Rick,1
463,Dead,"{'name': 'Citadel of Ricks', 'url': 'https://rickandmortyapi.com/api/location/3'}",464,SEAL Team Rick,1
464,Dead,"{'name': 'Citadel of Ricks', 'url': 'https://rickandmortyapi.com/api/location/3'}",465,SEAL Team Rick,1
465,Dead,"{'name': 'Citadel of Ricks', 'url': 'https://rickandmortyapi.com/api/location/3'}",466,SEAL Team Rick,1
466,Alive,"{'name': 'Earth (Replacement Dimension)', 'url': 'https://rickandmortyapi.com/api/location/20'}",467,Morphizer-XE Customer Support,1
467,Alive,"{'name': 'Earth (Replacement Dimension)', 'url': 'https://rickandmortyapi.com/api/location/20'}",468,Morphizer-XE Customer Support,1
468,unknown,"{'name': 'Earth (Replacement Dimension)', 'url': 'https://rickandmortyapi.com/api/location/20'}",469,Morphizer-XE Customer Support,1
469,Alive,"{'name': 'Alien Day Spa', 'url': 'https://rickandmortyapi.com/api/location/76'}",470,Alien Spa Employee,1
470,Alive,"{'name': 'Earth (Replacement Dimension)', 'url': 'https://rickandmortyapi.com/api/location/20'}",471,Little Voltron,1
471,Alive,"{'name': 'Citadel of Ricks', 'url': 'https://rickandmortyapi.com/api/location/3'}",472,Baby Rick,1
472,Alive,"{'name': 'Citadel of Ricks', 'url': 'https://rickandmortyapi.com/api/location/3'}",473,Bartender Morty,1
473,Alive,"{'name': 'Citadel of Ricks', 'url': 'https://rickandmortyapi.com/api/location/3'}",474,Dancer Cowboy Morty,1
474,Alive,"{'name': 'Citadel of Ricks', 'url': 'https://rickandmortyapi.com/api/location/3'}",475,Dancer Morty,1
475,Alive,"{'name': 'Citadel of Ricks', 'url': 'https://rickandmortyapi.com/api/location/3'}",476,Flower Morty,1
476,Alive,"{'name': 'Citadel of Ricks', 'url': 'https://rickandmortyapi.com/api/location/3'}",477,Hairdresser Rick,1
477,Alive,"{'name': 'Citadel of Ricks', 'url': 'https://rickandmortyapi.com/api/location/3'}",478,Journalist Rick,1
478,Dead,"{'name': 'Citadel of Ricks', 'url': 'https://rickandmortyapi.com/api/location/3'}",479,Private Sector Rick,1
479,Alive,"{'name': 'Citadel of Ricks', 'url': 'https://rickandmortyapi.com/api/location/3'}",480,Purple Morty,1
480,unknown,"{'name': 'Citadel of Ricks', 'url': 'https://rickandmortyapi.com/api/location/3'}",481,Retired General Rick,1
481,Alive,"{'name': 'Citadel of Ricks', 'url': 'https://rickandmortyapi.com/api/location/3'}",482,Secret Service Rick,1
482,Alive,"{'name': 'Citadel of Ricks', 'url': 'https://rickandmortyapi.com/api/location/3'}",483,Steve Jobs Rick,1
483,Dead,"{'name': 'Citadel of Ricks', 'url': 'https://rickandmortyapi.com/api/location/3'}",484,Sheik Rick,1
484,Alive,"{'name': 'Citadel of Ricks', 'url': 'https://rickandmortyapi.com/api/location/3'}",485,Modern Rick,1
485,Dead,"{'name': 'Citadel of Ricks', 'url': 'https://rickandmortyapi.com/api/location/3'}",486,Tan Rick,1
486,Dead,"{'name': 'Citadel of Ricks', 'url': 'https://rickandmortyapi.com/api/location/3'}",487,Visor Rick,1
487,Dead,"{'name': 'Citadel of Ricks', 'url': 'https://rickandmortyapi.com/api/location/3'}",488,Colonial Rick,1
488,Dead,"{'name': 'Citadel of Ricks', 'url': 'https://rickandmortyapi.com/api/location/3'}",489,P-Coat Rick,1
489,Alive,"{'name': 'The Menagerie', 'url': 'https://rickandmortyapi.com/api/location/25'}",490,Chang,1
490,Alive,"{'name': 'The Menagerie', 'url': 'https://rickandmortyapi.com/api/location/25'}",491,Dr. Eleanor Arroway,1
491,Alive,"{'name': 'Earth (Replacement Dimension)', 'url': 'https://rickandmortyapi.com/api/location/20'}",492,Varrix,1
492,Alive,"{'name': 'Earth (Replacement Dimension)', 'url': 'https://rickandmortyapi.com/api/location/20'}",493,Secretary of the Interior,1
493,Dead,"{'name': 'Forbodulon Prime', 'url': 'https://rickandmortyapi.com/api/location/79'}",494,Crystal Poacher,1
494,Dead,"{'name': 'Forbodulon Prime', 'url': 'https://rickandmortyapi.com/api/location/79'}",495,Crystal Poacher,1
495,Dead,"{'name': 'Forbodulon Prime', 'url': 'https://rickandmortyapi.com/api/location/79'}",496,Crystal Poacher,1
496,Dead,"{'name': 'Earth (Replacement Dimension)', 'url': 'https://rickandmortyapi.com/api/location/20'}",497,Hologram Rick,1
497,Dead,"{'name': 'Earth (Fascist Dimension)', 'url': 'https://rickandmortyapi.com/api/location/77'}",498,Fascist Rick,1
498,Dead,"{'name': 'Earth (Fascist Dimension)', 'url': 'https://rickandmortyapi.com/api/location/77'}",499,Fascist Morty,1
499,Alive,"{'name': 'Earth (Fascist Dimension)', 'url': 'https://rickandmortyapi.com/api/location/77'}",500,Fascist Mr. President,1
500,Dead,"{'name': 'Earth (Fascist Dimension)', 'url': 'https://rickandmortyapi.com/api/location/77'}",501,Fascist Ricks Clone,1
501,Dead,"{'name': 'Earth (Fascist Dimension)', 'url': 'https://rickandmortyapi.com/api/location/77'}",502,Revolio Clockberg Jr.,1
502,Alive,"{'name': 'Earth (Fascist Shrimp Dimension)', 'url': 'https://rickandmortyapi.com/api/location/80'}",503,Fascist Shrimp Rick,1
503,Dead,"{'name': 'Earth (Fascist Shrimp Dimension)', 'url': 'https://rickandmortyapi.com/api/location/80'}",504,Fascist Shrimp Ricks Clone,1
504,Alive,"{'name': 'Earth (Fascist Shrimp Dimension)', 'url': 'https://rickandmortyapi.com/api/location/80'}",505,Fascist Shrimp Morty,1
505,Alive,"{'name': 'Earth (Fascist Shrimp Dimension)', 'url': 'https://rickandmortyapi.com/api/location/80'}",506,Fascist Shrimp SS,1
506,Alive,"{'name': 'Earth (Fascist Teddy Bear Dimension)', 'url': 'https://rickandmortyapi.com/api/location/81'}",507,Fascist Teddy Bear Rick,1
507,Dead,"{'name': 'Earth (Fascist Teddy Bear Dimension)', 'url': 'https://rickandmortyapi.com/api/location/81'}",508,Fascist Teddy Bear Ricks Clone,1
508,unknown,"{'name': 'Earth (Replacement Dimension)', 'url': 'https://rickandmortyapi.com/api/location/20'}",509,Bully,1
509,Alive,"{'name': 'Earth (Replacement Dimension)', 'url': 'https://rickandmortyapi.com/api/location/20'}",510,Anchorman,1
510,Alive,"{'name': 'Earth (Replacement Dimension)', 'url': 'https://rickandmortyapi.com/api/location/20'}",511,Anchorwoman,1
511,Alive,"{'name': 'Earth (Replacement Dimension)', 'url': 'https://rickandmortyapi.com/api/location/20'}",512,Mortys Lawyer,1
512,Dead,"{'name': 'Earth (Replacement Dimension)', 'url': 'https://rickandmortyapi.com/api/location/20'}",513,Judge,1
513,Alive,"{'name': 'Earth (Replacement Dimension)', 'url': 'https://rickandmortyapi.com/api/location/20'}",514,Public Opinion Judge,1
514,Dead,"{'name': 'Earth (Wasp Dimension)', 'url': 'https://rickandmortyapi.com/api/location/82'}",515,Caterpillar Mr. Goldenfold,1
515,Alive,"{'name': 'Earth (Replacement Dimension)', 'url': 'https://rickandmortyapi.com/api/location/20'}",516,Wasp Rick,1
516,unknown,"{'name': 'Earth (Replacement Dimension)', 'url': 'https://rickandmortyapi.com/api/location/20'}",517,Wasp Ricks Clone,1
517,Alive,"{'name': 'Earth (Wasp Dimension)', 'url': 'https://rickandmortyapi.com/api/location/82'}",518,Wasp Morty,1
518,Alive,"{'name': 'Earth (Wasp Dimension)', 'url': 'https://rickandmortyapi.com/api/location/82'}",519,Wasp Summer,1
519,Alive,"{'name': 'Earth (Wasp Dimension)', 'url': 'https://rickandmortyapi.com/api/location/82'}",520,Wasp Jerry,1
520,Alive,"{'name': 'Earth (Wasp Dimension)', 'url': 'https://rickandmortyapi.com/api/location/82'}",521,Wasp Beth,1
521,Dead,"{'name': 'Earth (Wasp Dimension)', 'url': 'https://rickandmortyapi.com/api/location/82'}",522,Caterpillar Mr. Goldenfolds Larvae,1
522,unknown,"{'name': 'Earth (Replacement Dimension)', 'url': 'https://rickandmortyapi.com/api/location/20'}",523,Boglin,1
523,unknown,"{'name': 'Earth (Replacement Dimension)', 'url': 'https://rickandmortyapi.com/api/location/20'}",524,Kirkland Brand Mr. Meeseeks,1
524,Alive,"{'name': 'Monogatron Mothership', 'url': 'https://rickandmortyapi.com/api/location/83'}",525,Glootie,1
525,Alive,"{'name': 'Earth (Replacement Dimension)', 'url': 'https://rickandmortyapi.com/api/location/20'}",526,Danny Publitz,1
526,Alive,"{'name': 'Monogatron Mothership', 'url': 'https://rickandmortyapi.com/api/location/83'}",527,Mothership Intern,1
527,Alive,"{'name': 'Monogatron Mothership', 'url': 'https://rickandmortyapi.com/api/location/83'}",528,Monogatron Leader,1
528,Dead,"{'name': 'Midland Quasar', 'url': 'https://rickandmortyapi.com/api/location/85'}",529,Lizard,1
529,Dead,"{'name': 'Midland Quasar', 'url': 'https://rickandmortyapi.com/api/location/85'}",530,Deliverance,1
530,Dead,"{'name': 'Mount Space Everest', 'url': 'https://rickandmortyapi.com/api/location/86'}",531,Tony,1
531,Dead,"{'name': 'Globaflyn', 'url': 'https://rickandmortyapi.com/api/location/87'}",532,Tonys Wife,1
532,Alive,"{'name': 'Monogatron Mothership', 'url': 'https://rickandmortyapi.com/api/location/83'}",533,Monogatron Queen,1
533,Alive,"{'name': 'Earth (Replacement Dimension)', 'url': 'https://rickandmortyapi.com/api/location/20'}",534,Tony's Dad,1
534,Alive,"{'name': 'Earth (Replacement Dimension)', 'url': 'https://rickandmortyapi.com/api/location/20'}",535,Jeff,1
535,Alive,"{'name': 'Earth (Replacement Dimension)', 'url': 'https://rickandmortyapi.com/api/location/20'}",536,Josiah,1
536,Alive,"{'name': 'Earth (Replacement Dimension)', 'url': 'https://rickandmortyapi.com/api/location/20'}",537,Maggie,1
537,Alive,"{'name': 'Earth (Replacement Dimension)', 'url': 'https://rickandmortyapi.com/api/location/20'}",538,Priest Witherspoon,1
538,Alive,"{'name': 'Earth (Replacement Dimension)', 'url': 'https://rickandmortyapi.com/api/location/20'}",539,Richard,1
539,Alive,"{'name': 'Earth (Replacement Dimension)', 'url': 'https://rickandmortyapi.com/api/location/20'}",540,Running Bird,1
540,Alive,"{'name': 'Earth (Replacement Dimension)', 'url': 'https://rickandmortyapi.com/api/location/20'}",541,Secretary at Tony's,1
541,Alive,"{'name': 'Globaflyn', 'url': 'https://rickandmortyapi.com/api/location/87'}",542,Mountain Sweat Jerry,1
542,Alive,"{'name': 'Gorgon Quadrant', 'url': 'https://rickandmortyapi.com/api/location/84'}",543,Vermigurber,1
543,Dead,"{'name': 'Heist-Con', 'url': 'https://rickandmortyapi.com/api/location/88'}",544,Miles Knightly,1
544,Alive,"{'name': 'Heist-Con', 'url': 'https://rickandmortyapi.com/api/location/88'}",545,Heist-Con Receptionist,1
545,Alive,"{'name': 'Heist-Con', 'url': 'https://rickandmortyapi.com/api/location/88'}",546,Angie Flint,1
546,Alive,"{'name': 'Heist-Con', 'url': 'https://rickandmortyapi.com/api/location/88'}",547,Glar,1
547,Alive,"{'name': 'Heist-Con', 'url': 'https://rickandmortyapi.com/api/location/88'}",548,Truckula,1
548,Alive,"{'name': 'Heist-Con', 'url': 'https://rickandmortyapi.com/api/location/88'}",549,Snake Arms,1
549,Alive,"{'name': 'Heist-Con', 'url': 'https://rickandmortyapi.com/api/location/88'}",550,Double Microwawe,1
550,Alive,"{'name': 'Heist-Con', 'url': 'https://rickandmortyapi.com/api/location/88'}",551,Monitor Lord,1
551,Alive,"{'name': 'Heist-Con', 'url': 'https://rickandmortyapi.com/api/location/88'}",552,Key Catcher,1
552,Alive,"{'name': 'Heist-Con', 'url': 'https://rickandmortyapi.com/api/location/88'}",553,The Shapeshiftress,1
553,Dead,"{'name': 'Heistotron Base', 'url': 'https://rickandmortyapi.com/api/location/89'}",554,Heistotron,1
554,Dead,"{'name': 'Heistotron Base', 'url': 'https://rickandmortyapi.com/api/location/89'}",555,Randotron,1
555,Alive,"{'name': 'Heistotron Base', 'url': 'https://rickandmortyapi.com/api/location/89'}",556,Hephaestus,1
556,Alive,"{'name': 'Heistotron Base', 'url': 'https://rickandmortyapi.com/api/location/89'}",557,Ventriloquiver,1
557,Alive,"{'name': 'Heistotron Base', 'url': 'https://rickandmortyapi.com/api/location/89'}",558,Elon Tusk,1
558,Dead,"{'name': 'Gramuflack', 'url': 'https://rickandmortyapi.com/api/location/93'}",559,Gramuflackian Anchorman,1
559,Dead,"{'name': 'Gramuflack', 'url': 'https://rickandmortyapi.com/api/location/93'}",560,Gramuflackian General,1
560,Alive,"{'name': 'Earth (Replacement Dimension)', 'url': 'https://rickandmortyapi.com/api/location/20'}",561,Netflix Executive,1
561,Alive,"{'name': 'Earth (Replacement Dimension)', 'url': 'https://rickandmortyapi.com/api/location/20'}",562,Balthromaw,1
562,Dead,"{'name': 'Draygon', 'url': 'https://rickandmortyapi.com/api/location/94'}",563,The Wizard,1
563,Alive,"{'name': 'Earth (Replacement Dimension)', 'url': 'https://rickandmortyapi.com/api/location/20'}",564,Talking Cat,1
564,Alive,"{'name': 'Draygon', 'url': 'https://rickandmortyapi.com/api/location/94'}",565,Debrah,1
565,Alive,"{'name': 'Draygon', 'url': 'https://rickandmortyapi.com/api/location/94'}",566,Debrahs Partner,1
566,Alive,"{'name': 'Draygon', 'url': 'https://rickandmortyapi.com/api/location/94'}",567,Michael,1
567,Alive,"{'name': 'Draygon', 'url': 'https://rickandmortyapi.com/api/location/94'}",568,Slut Dragon,1
568,Alive,"{'name': 'Draygon', 'url': 'https://rickandmortyapi.com/api/location/94'}",569,Shadow Jacker,1
569,Dead,"{'name': 'Earth (Replacement Dimension)', 'url': 'https://rickandmortyapi.com/api/location/20'}",570,Chachi,1
570,Alive,"{'name': 'Snake Planet', 'url': 'https://rickandmortyapi.com/api/location/78'}",571,Slippy,1
571,unknown,"{'name': 'Snake Planet', 'url': 'https://rickandmortyapi.com/api/location/78'}",572,Robot Snake,1
572,Dead,"{'name': 'Snake Planet', 'url': 'https://rickandmortyapi.com/api/location/78'}",573,Snake Hitler,1
573,Dead,"{'name': 'Snake Planet', 'url': 'https://rickandmortyapi.com/api/location/78'}",574,Snake Lincoln,1
574,Dead,"{'name': 'Earth (Replacement Dimension)', 'url': 'https://rickandmortyapi.com/api/location/20'}",575,Snake Resistance Robot,1
575,unknown,"{'name': 'Snake Planet', 'url': 'https://rickandmortyapi.com/api/location/78'}",576,Snake Linguist,1
576,unknown,"{'name': 'Snake Planet', 'url': 'https://rickandmortyapi.com/api/location/78'}",577,Snake Terminator,1
577,Alive,"{'name': 'Snake Planet', 'url': 'https://rickandmortyapi.com/api/location/78'}",578,Snake Soldier,1
578,Alive,"{'name': 'Snake Planet', 'url': 'https://rickandmortyapi.com/api/location/78'}",579,Snake with Legs,1
579,Alive,"{'name': 'Snake Planet', 'url': 'https://rickandmortyapi.com/api/location/78'}",580,Secret Service Snake,1
580,Alive,"{'name': 'Snake Planet', 'url': 'https://rickandmortyapi.com/api/location/78'}",581,Anchosnake,1
581,Alive,"{'name': 'Snake Planet', 'url': 'https://rickandmortyapi.com/api/location/78'}",582,Anchosnake,1
582,unknown,"{'name': 'Snake Planet', 'url': 'https://rickandmortyapi.com/api/location/78'}",583,80's snake,1
583,Alive,"{'name': 'Earth (Replacement Dimension)', 'url': 'https://rickandmortyapi.com/api/location/20'}",584,Bar Customer,1
584,Alive,"{'name': 'Earth (Replacement Dimension)', 'url': 'https://rickandmortyapi.com/api/location/20'}",585,Bartender,1
585,Alive,"{'name': 'Earth (Replacement Dimension)', 'url': 'https://rickandmortyapi.com/api/location/20'}",586,PC Basketball Player,1
586,Dead,"{'name': 'Snake Planet', 'url': 'https://rickandmortyapi.com/api/location/78'}",587,Cavesnake,1
587,Alive,"{'name': 'Earth (Replacement Dimension)', 'url': 'https://rickandmortyapi.com/api/location/20'}",588,Pet Shop Employee,1
588,Alive,"{'name': 'Snake Planet', 'url': 'https://rickandmortyapi.com/api/location/78'}",589,Snake Reporter,1
589,unknown,"{'name': 'Earth (Replacement Dimension)', 'url': 'https://rickandmortyapi.com/api/location/20'}",590,High Pilot,1
590,unknown,"{'name': 'Earth (Replacement Dimension)', 'url': 'https://rickandmortyapi.com/api/location/20'}",591,High Pilot,1
591,Dead,"{'name': 'Earth (Replacement Dimension)', 'url': 'https://rickandmortyapi.com/api/location/20'}",592,Phoenixperson,3
592,Dead,"{'name': 'Non-Diegetic Alternative Reality', 'url': 'https://rickandmortyapi.com/api/location/97'}",593,Tickets Please Guy,1
593,Dead,"{'name': 'Tickets Please Guy Nightmare', 'url': 'https://rickandmortyapi.com/api/location/98'}",594,Floaty Bloody Man,1
594,Dead,"{'name': 'Tickets Please Guy Nightmare', 'url': 'https://rickandmortyapi.com/api/location/98'}",595,Floaty Non-Gasm Brotherhood Member,1
595,Dead,"{'name': 'Tickets Please Guy Nightmare', 'url': 'https://rickandmortyapi.com/api/location/98'}",596,Floaty Non-Gasm Brotherhood Member Friend,1
596,Alive,"{'name': 'Story Train', 'url': 'https://rickandmortyapi.com/api/location/96'}",597,Abradolf Lincler,1
597,Alive,"{'name': 'Story Train', 'url': 'https://rickandmortyapi.com/api/location/96'}",598,Biblesaurus,1
598,Alive,"{'name': 'Story Train', 'url': 'https://rickandmortyapi.com/api/location/96'}",599,Birdperson,1
599,Alive,"{'name': 'Story Train', 'url': 'https://rickandmortyapi.com/api/location/96'}",600,Cats Fan,1
600,Alive,"{'name': 'Story Train', 'url': 'https://rickandmortyapi.com/api/location/96'}",601,Christmas Storyteller,1
601,Alive,"{'name': 'Mortys Story', 'url': 'https://rickandmortyapi.com/api/location/99'}",602,Cookies Guy,1
602,Alive,"{'name': 'Rickss Story', 'url': 'https://rickandmortyapi.com/api/location/100'}",603,Crossy,1
603,Dead,"{'name': 'Mortys Story', 'url': 'https://rickandmortyapi.com/api/location/99'}",604,Female Scorpion,1
604,Dead,"{'name': 'Tickets Please Guy Nightmare', 'url': 'https://rickandmortyapi.com/api/location/98'}",605,Floaty Bloody Mans Daughter,1
605,Alive,"{'name': 'Story Train', 'url': 'https://rickandmortyapi.com/api/location/96'}",606,Goomby,1
606,Alive,"{'name': 'Story Train', 'url': 'https://rickandmortyapi.com/api/location/96'}",607,Hairspray Fan,1
607,Alive,"{'name': 'Rickss Story', 'url': 'https://rickandmortyapi.com/api/location/100'}",608,Jesus Christ,1
608,Dead,"{'name': 'Tickets Please Guy Nightmare', 'url': 'https://rickandmortyapi.com/api/location/98'}",609,Josh,1
609,Dead,"{'name': 'Tickets Please Guy Nightmare', 'url': 'https://rickandmortyapi.com/api/location/98'}",610,Josh's Sister,1
610,Alive,"{'name': 'Story Train', 'url': 'https://rickandmortyapi.com/api/location/96'}",611,Leah,1
611,Alive,"{'name': 'Story Train', 'url': 'https://rickandmortyapi.com/api/location/96'}",612,Marcus,1
612,Alive,"{'name': 'Mortys Story', 'url': 'https://rickandmortyapi.com/api/location/99'}",613,Mike Johnson,1
613,Alive,"{'name': 'Rickss Story', 'url': 'https://rickandmortyapi.com/api/location/100'}",614,Mr. Celery & Friends,1
614,Alive,"{'name': 'Story Train', 'url': 'https://rickandmortyapi.com/api/location/96'}",615,Musical Fan,1
615,Alive,"{'name': 'Story Train', 'url': 'https://rickandmortyapi.com/api/location/96'}",616,Phantom of the Opera Fan,1
616,Alive,"{'name': 'Story Train', 'url': 'https://rickandmortyapi.com/api/location/96'}",617,Phoenixperson,1
617,unknown,"{'name': 'Story Train', 'url': 'https://rickandmortyapi.com/api/location/96'}",618,Private Smith,1
618,Dead,"{'name': 'Story Train', 'url': 'https://rickandmortyapi.com/api/location/96'}",619,Professor Sanchez,1
619,Alive,"{'name': 'Story Train', 'url': 'https://rickandmortyapi.com/api/location/96'}",620,Ramamama Lord,1
620,Alive,"{'name': 'Mortys Story', 'url': 'https://rickandmortyapi.com/api/location/99'}",621,Ruth Bader Ginsburg,1
621,Alive,"{'name': 'Story Train', 'url': 'https://rickandmortyapi.com/api/location/96'}",622,Sarge,1
622,Alive,"{'name': 'Story Train', 'url': 'https://rickandmortyapi.com/api/location/96'}",623,Shrek The Musical Fan,1
623,Alive,"{'name': 'Story Train', 'url': 'https://rickandmortyapi.com/api/location/96'}",624,Snuffles,1
624,Alive,"{'name': 'Rickss Story', 'url': 'https://rickandmortyapi.com/api/location/100'}",625,Storylord,1
625,Alive,"{'name': 'Story Train', 'url': 'https://rickandmortyapi.com/api/location/96'}",626,Tammy Guetermann,1
626,Alive,"{'name': 'Story Train', 'url': 'https://rickandmortyapi.com/api/location/96'}",627,The Concept of Time,1
627,Alive,"{'name': 'Mortys Story', 'url': 'https://rickandmortyapi.com/api/location/99'}",628,Beth Smith,1
628,Alive,"{'name': 'Mortys Story', 'url': 'https://rickandmortyapi.com/api/location/99'}",629,Summer Smith,1
629,Alive,"{'name': 'Story Train', 'url': 'https://rickandmortyapi.com/api/location/96'}",630,Morty Smith,1
630,Alive,"{'name': 'Story Train', 'url': 'https://rickandmortyapi.com/api/location/96'}",631,Rick Sanchez,1
631,Dead,"{'name': 'Story Train', 'url': 'https://rickandmortyapi.com/api/location/96'}",632,Train Cop,1
632,Alive,"{'name': 'Story Train', 'url': 'https://rickandmortyapi.com/api/location/96'}",633,Train Cops,1
633,Dead,"{'name': 'Story Train', 'url': 'https://rickandmortyapi.com/api/location/96'}",634,Train Cops Instructor,1
634,Alive,"{'name': 'Rickss Story', 'url': 'https://rickandmortyapi.com/api/location/100'}",635,Darth Poopybutthole,1
635,Alive,"{'name': 'Rickss Story', 'url': 'https://rickandmortyapi.com/api/location/100'}",636,Evil Morty,1
636,Alive,"{'name': 'Story Train', 'url': 'https://rickandmortyapi.com/api/location/96'}",637,Mortys Disguise,1
637,Alive,"{'name': 'Story Train', 'url': 'https://rickandmortyapi.com/api/location/96'}",638,Ricks Disguise,1
638,Dead,"{'name': 'Tickets Please Guy Nightmare', 'url': 'https://rickandmortyapi.com/api/location/98'}",639,Uncle Nibbles,1
639,Dead,"{'name': 'Glorzo Asteroid', 'url': 'https://rickandmortyapi.com/api/location/101'}",640,Angry Glorzo,1
640,Dead,"{'name': 'Glorzo Asteroid', 'url': 'https://rickandmortyapi.com/api/location/101'}",641,Bruce,1
641,Dead,"{'name': 'Glorzo Asteroid', 'url': 'https://rickandmortyapi.com/api/location/101'}",642,Council of Glorzos Member,1
642,Dead,"{'name': 'Glorzo Asteroid', 'url': 'https://rickandmortyapi.com/api/location/101'}",643,Council of Glorzos Member,1
643,Dead,"{'name': 'Glorzo Asteroid', 'url': 'https://rickandmortyapi.com/api/location/101'}",644,Old Glorzo,1
644,unknown,"{'name': 'Glorzo Asteroid', 'url': 'https://rickandmortyapi.com/api/location/101'}",645,Shane,1
645,Dead,"{'name': 'Glorzo Asteroid', 'url': 'https://rickandmortyapi.com/api/location/101'}",646,Steve,1
646,Dead,"{'name': 'Glorzo Asteroid', 'url': 'https://rickandmortyapi.com/api/location/101'}",647,Troy,1
647,Dead,"{'name': 'Alien Acid Plant', 'url': 'https://rickandmortyapi.com/api/location/102'}",648,Crystal Dealers Boss,1
648,Dead,"{'name': 'Alien Acid Plant', 'url': 'https://rickandmortyapi.com/api/location/102'}",649,Crystal Dealer,1
649,Dead,"{'name': 'Alien Acid Plant', 'url': 'https://rickandmortyapi.com/api/location/102'}",650,Crystal Dealer,1
650,Dead,"{'name': 'Alien Acid Plant', 'url': 'https://rickandmortyapi.com/api/location/102'}",651,Crystal Dealer,1
651,Dead,"{'name': 'Merged Universe', 'url': 'https://rickandmortyapi.com/api/location/103'}",652,SWAT Officer,1
652,unknown,"{'name': 'Near-Duplicate Reality', 'url': 'https://rickandmortyapi.com/api/location/104'}",653,Plane Crash Survivor,1
653,unknown,"{'name': 'Near-Duplicate Reality', 'url': 'https://rickandmortyapi.com/api/location/104'}",654,Plane Crash Survivor,1
654,Alive,"{'name': 'Merged Universe', 'url': 'https://rickandmortyapi.com/api/location/103'}",655,Heroine Keith,1
655,Dead,"{'name': 'Merged Universe', 'url': 'https://rickandmortyapi.com/api/location/103'}",656,Impervious to Acid SWAT Officer,1
656,Alive,"{'name': 'Merged Universe', 'url': 'https://rickandmortyapi.com/api/location/103'}",657,Johnny Carson,1
657,Alive,"{'name': 'Merged Universe', 'url': 'https://rickandmortyapi.com/api/location/103'}",658,Sonia Sotomayor,1
658,Alive,"{'name': 'Near-Duplicate Reality', 'url': 'https://rickandmortyapi.com/api/location/104'}",659,Mortys Father-in-law,1
659,Alive,"{'name': 'Near-Duplicate Reality', 'url': 'https://rickandmortyapi.com/api/location/104'}",660,Mortys Mother-in-law,1
660,Alive,"{'name': 'Merged Universe', 'url': 'https://rickandmortyapi.com/api/location/103'}",661,Mortys Girlfriend,1
661,Alive,"{'name': 'Gaia', 'url': 'https://rickandmortyapi.com/api/location/106'}",662,Gaia,1
662,Dead,"{'name': 'Gaia', 'url': 'https://rickandmortyapi.com/api/location/106'}",663,Reggie,1
663,unknown,"{'name': 'Gaia', 'url': 'https://rickandmortyapi.com/api/location/106'}",664,Ticktock,1
664,Alive,"{'name': 'Gaia', 'url': 'https://rickandmortyapi.com/api/location/106'}",665,Florflock,1
665,Alive,"{'name': 'Gaia', 'url': 'https://rickandmortyapi.com/api/location/106'}",666,Squeeb,1
666,Alive,"{'name': 'Earth (Replacement Dimension)', 'url': 'https://rickandmortyapi.com/api/location/20'}",667,Defiance Beth,2
667,Alive,"{'name': ""Defiance's Ship"", 'url': 'https://rickandmortyapi.com/api/location/107'}",668,Defiance Squanchette,1
668,Alive,"{'name': ""Defiance's Base"", 'url': 'https://rickandmortyapi.com/api/location/108'}",669,Defiance Doctor,1
669,Dead,"{'name': 'NX-5 Planet Remover', 'url': 'https://rickandmortyapi.com/api/location/105'}",670,New Improved Galactic Federation Guard,1
670,Dead,"{'name': 'NX-5 Planet Remover', 'url': 'https://rickandmortyapi.com/api/location/105'}",671,New Improved Galactic Federation Guard,1
671,Alive,"{'name': 'Earth (Replacement Dimension)', 'url': 'https://rickandmortyapi.com/api/location/20'}",672,Mr. Nimbus,1
672,Dead,"{'name': 'Narnia Dimension', 'url': 'https://rickandmortyapi.com/api/location/110'}",673,Hoovy,1
673,Dead,"{'name': 'Narnia Dimension', 'url': 'https://rickandmortyapi.com/api/location/110'}",674,Bova,1
674,Dead,"{'name': 'Narnia Dimension', 'url': 'https://rickandmortyapi.com/api/location/110'}",675,Japheth,1
675,Dead,"{'name': 'Narnia Dimension', 'url': 'https://rickandmortyapi.com/api/location/110'}",676,Japheth's Middle Son,1
676,Dead,"{'name': 'Narnia Dimension', 'url': 'https://rickandmortyapi.com/api/location/110'}",677,Japheth's Eldest Son,1
677,Dead,"{'name': 'Narnia Dimension', 'url': 'https://rickandmortyapi.com/api/location/110'}",678,Japheth's Youngest Son,1
678,Dead,"{'name': 'Narnia Dimension', 'url': 'https://rickandmortyapi.com/api/location/110'}",679,Japheth's Grandson,1
679,Dead,"{'name': 'Earth (Replacement Dimension)', 'url': 'https://rickandmortyapi.com/api/location/20'}",680,Adam,1
680,Dead,"{'name': 'Narnia Dimension', 'url': 'https://rickandmortyapi.com/api/location/110'}",681,Adam's Mother,1
681,Dead,"{'name': 'Narnia Dimension', 'url': 'https://rickandmortyapi.com/api/location/110'}",682,Warlock,1
682,Alive,"{'name': 'Narnia Dimension', 'url': 'https://rickandmortyapi.com/api/location/110'}",683,Evolved Narnian,1
683,Alive,"{'name': 'Earth (Replacement Dimension)', 'url': 'https://rickandmortyapi.com/api/location/20'}",684,Mr. Nimbus Secretary,1
684,Alive,"{'name': 'Narnia Dimension', 'url': 'https://rickandmortyapi.com/api/location/110'}",685,Evolved Narnian Disguised as Morty,1
685,Dead,"{'name': 'Earth (Replacement Dimension)', 'url': 'https://rickandmortyapi.com/api/location/20'}",686,Mr. Nimbus' Squid,1
686,Dead,"{'name': 'Earth (Replacement Dimension)', 'url': 'https://rickandmortyapi.com/api/location/20'}",687,Scarecrow Rick,1
687,Dead,"{'name': 'Earth (Replacement Dimension)', 'url': 'https://rickandmortyapi.com/api/location/20'}",688,Scarecrow Summer,1
688,Dead,"{'name': 'Earth (Replacement Dimension)', 'url': 'https://rickandmortyapi.com/api/location/20'}",689,Scarecrow Jerry,1
689,Dead,"{'name': 'Earth (Replacement Dimension)', 'url': 'https://rickandmortyapi.com/api/location/20'}",690,Scarecrow Morty,1
690,Dead,"{'name': 'Earth (Replacement Dimension)', 'url': 'https://rickandmortyapi.com/api/location/20'}",691,Scarecrow Beth,1
691,Alive,"{'name': 'Earth (Replacement Dimension)', 'url': 'https://rickandmortyapi.com/api/location/20'}",692,Glockenspiel Jerry,1
692,Dead,"{'name': 'Earth (Replacement Dimension)', 'url': 'https://rickandmortyapi.com/api/location/20'}",693,Glockenspiel Beth,1
693,Dead,"{'name': 'Earth (Replacement Dimension)', 'url': 'https://rickandmortyapi.com/api/location/20'}",694,Glockenspiel Rick,1
694,Dead,"{'name': 'Earth (Replacement Dimension)', 'url': 'https://rickandmortyapi.com/api/location/20'}",695,Glockenspiel Summer,1
695,Dead,"{'name': 'Earth (Replacement Dimension)', 'url': 'https://rickandmortyapi.com/api/location/20'}",696,Glockenspiel Morty,1
696,Dead,"{'name': 'Earth (Replacement Dimension)', 'url': 'https://rickandmortyapi.com/api/location/20'}",697,Wicker Beth,1
697,Dead,"{'name': 'Earth (Replacement Dimension)', 'url': 'https://rickandmortyapi.com/api/location/20'}",698,Wicker Rick,1
698,Dead,"{'name': 'Earth (Replacement Dimension)', 'url': 'https://rickandmortyapi.com/api/location/20'}",699,Wicker Morty,1
699,Dead,"{'name': 'Earth (Replacement Dimension)', 'url': 'https://rickandmortyapi.com/api/location/20'}",700,Wicker Summer,1
700,Dead,"{'name': 'Earth (Replacement Dimension)', 'url': 'https://rickandmortyapi.com/api/location/20'}",701,Metal Rick,1
701,Dead,"{'name': 'Earth (Replacement Dimension)', 'url': 'https://rickandmortyapi.com/api/location/20'}",702,Gun Brain Rick,1
702,Alive,"{'name': 'Earth (Replacement Dimension)', 'url': 'https://rickandmortyapi.com/api/location/20'}",703,Mr. Always Wants to be Hunted,1
703,Dead,"{'name': 'Earth (Replacement Dimension)', 'url': 'https://rickandmortyapi.com/api/location/20'}",704,Squid Costume Beth,1
704,Dead,"{'name': 'Earth (Replacement Dimension)', 'url': 'https://rickandmortyapi.com/api/location/20'}",705,Squid Costume Jerry,1
705,Dead,"{'name': 'Earth (Replacement Dimension)', 'url': 'https://rickandmortyapi.com/api/location/20'}",706,Squid Costume Morty,1
706,Dead,"{'name': 'Earth (Replacement Dimension)', 'url': 'https://rickandmortyapi.com/api/location/20'}",707,Squid Costume Rick,1
707,Dead,"{'name': 'Earth (Replacement Dimension)', 'url': 'https://rickandmortyapi.com/api/location/20'}",708,Squid Costume Summer,1
708,Alive,"{'name': 'Interdimensional Cable', 'url': 'https://rickandmortyapi.com/api/location/6'}",709,Dracula,1
709,Alive,"{'name': 'Earth (Replacement Dimension)', 'url': 'https://rickandmortyapi.com/api/location/20'}",710,Steve,1
710,Alive,"{'name': 'Interdimensional Cable', 'url': 'https://rickandmortyapi.com/api/location/6'}",711,When Wolf,1
711,Dead,"{'name': 'Earth (Replacement Dimension)', 'url': 'https://rickandmortyapi.com/api/location/20'}",712,Too Cute to Murder Beth,1
712,Dead,"{'name': 'Earth (Replacement Dimension)', 'url': 'https://rickandmortyapi.com/api/location/20'}",713,Too Cute to Murder Rick,1
713,Dead,"{'name': 'Earth (Replacement Dimension)', 'url': 'https://rickandmortyapi.com/api/location/20'}",714,Too Cute to Murder Jerry,1
714,Dead,"{'name': 'Earth (Replacement Dimension)', 'url': 'https://rickandmortyapi.com/api/location/20'}",715,Too Cute to Murder Morty,1
715,Dead,"{'name': 'Earth (Replacement Dimension)', 'url': 'https://rickandmortyapi.com/api/location/20'}",716,Too Cute to Murder Summer,1
716,Alive,"{'name': 'Earth (Replacement Dimension)', 'url': 'https://rickandmortyapi.com/api/location/20'}",717,Planetina,1
717,Alive,"{'name': 'Ferkus 9', 'url': 'https://rickandmortyapi.com/api/location/113'}",718,Daphne,1
718,Alive,"{'name': 'Earth (Replacement Dimension)', 'url': 'https://rickandmortyapi.com/api/location/20'}",719,Diesel Weasel,1
719,Dead,"{'name': 'Earth (Replacement Dimension)', 'url': 'https://rickandmortyapi.com/api/location/20'}",720,Eddie,1
720,Dead,"{'name': 'Earth (Replacement Dimension)', 'url': 'https://rickandmortyapi.com/api/location/20'}",721,Xing Ho,1
721,Dead,"{'name': 'Earth (Replacement Dimension)', 'url': 'https://rickandmortyapi.com/api/location/20'}",722,Air Tina-Teer,1
722,Dead,"{'name': 'Earth (Replacement Dimension)', 'url': 'https://rickandmortyapi.com/api/location/20'}",723,Water Tina-Teer,1
723,Dead,"{'name': 'Earth (Replacement Dimension)', 'url': 'https://rickandmortyapi.com/api/location/20'}",724,Planetina Buyer,1
724,Alive,"{'name': 'Earth (Replacement Dimension)', 'url': 'https://rickandmortyapi.com/api/location/20'}",725,Tony Galopagus,1
725,Alive,"{'name': 'Earth (Replacement Dimension)', 'url': 'https://rickandmortyapi.com/api/location/20'}",726,Sticky,1
726,Dead,"{'name': 'Earth (Replacement Dimension)', 'url': 'https://rickandmortyapi.com/api/location/20'}",727,Professor Shabooboo,1
727,Dead,"{'name': 'Earth (Replacement Dimension)', 'url': 'https://rickandmortyapi.com/api/location/20'}",728,Sperm Queen,1
728,Alive,"{'name': 'Earth (Replacement Dimension)', 'url': 'https://rickandmortyapi.com/api/location/20'}",729,CHUD King,1
729,Alive,"{'name': 'Earth (Replacement Dimension)', 'url': 'https://rickandmortyapi.com/api/location/20'}",730,Princess Ponietta,1
730,Alive,"{'name': 'Space', 'url': 'https://rickandmortyapi.com/api/location/115'}",731,Naruto Smith,2
731,Dead,"{'name': 'Earth (Replacement Dimension)', 'url': 'https://rickandmortyapi.com/api/location/20'}",732,Blazen,1
732,Alive,"{'name': 'Earth (Replacement Dimension)', 'url': 'https://rickandmortyapi.com/api/location/20'}",733,Kathy Ireland,1
733,Alive,"{'name': 'Earth (Replacement Dimension)', 'url': 'https://rickandmortyapi.com/api/location/20'}",734,Amazing Johnathan,1
734,Alive,"{'name': 'Earth (Replacement Dimension)', 'url': 'https://rickandmortyapi.com/api/location/20'}",735,Foal Sanchez,1
735,Dead,"{'name': 'Space', 'url': 'https://rickandmortyapi.com/api/location/115'}",736,Spaceman,1
736,Alive,"{'name': 'Earth (Replacement Dimension)', 'url': 'https://rickandmortyapi.com/api/location/20'}",737,Cirque du Soleil Zumanity Member,1
737,Alive,"{'name': 'Earth (Replacement Dimension)', 'url': 'https://rickandmortyapi.com/api/location/20'}",738,Cirque du Soleil Zumanity Member,1
738,Alive,"{'name': 'Earth (Replacement Dimension)', 'url': 'https://rickandmortyapi.com/api/location/20'}",739,Cirque du Soleil Zumanity Member,1
739,Dead,"{'name': 'Earth (Replacement Dimension)', 'url': 'https://rickandmortyapi.com/api/location/20'}",740,Cirque du Soleil Zumanity Member,1
740,Alive,"{'name': 'Earth (Replacement Dimension)', 'url': 'https://rickandmortyapi.com/api/location/20'}",741,Cirque du Soleil Zumanity Member,1
741,Alive,"{'name': 'Earth (Replacement Dimension)', 'url': 'https://rickandmortyapi.com/api/location/20'}",742,Bruce Chutback,1
742,Dead,"{'name': 'Z. Q. P. D.', 'url': 'https://rickandmortyapi.com/api/location/117'}",743,Alyson Hannigan,1
743,unknown,"{'name': 'Hell', 'url': 'https://rickandmortyapi.com/api/location/116'}",744,Cenobite,1
744,unknown,"{'name': 'Hell', 'url': 'https://rickandmortyapi.com/api/location/116'}",745,Cenobite,1
745,unknown,"{'name': 'Hell', 'url': 'https://rickandmortyapi.com/api/location/116'}",746,Cenobite,1
746,unknown,"{'name': 'Hell', 'url': 'https://rickandmortyapi.com/api/location/116'}",747,Cenobite,1
747,unknown,"{'name': 'Hell', 'url': 'https://rickandmortyapi.com/api/location/116'}",748,Cenobite,1
748,unknown,"{'name': 'Hell', 'url': 'https://rickandmortyapi.com/api/location/116'}",749,Coat Rack Head,1
749,unknown,"{'name': 'Hell', 'url': 'https://rickandmortyapi.com/api/location/116'}",750,Mousetrap Nipples,1
750,Dead,"{'name': 'Space Tahoe', 'url': 'https://rickandmortyapi.com/api/location/118'}",751,Changeformer,1
751,Dead,"{'name': 'Space Tahoe', 'url': 'https://rickandmortyapi.com/api/location/118'}",752,Changeformer,1
752,Alive,"{'name': 'Earth (Replacement Dimension)', 'url': 'https://rickandmortyapi.com/api/location/20'}",753,Space Cruiser,2
753,Alive,"{'name': 'Earth (Replacement Dimension)', 'url': 'https://rickandmortyapi.com/api/location/20'}",754,Coop,1
754,Alive,"{'name': 'Earth (Replacement Dimension)', 'url': 'https://rickandmortyapi.com/api/location/20'}",755,Dwayne,1
755,Dead,"{'name': 'Earth (Replacement Dimension)', 'url': 'https://rickandmortyapi.com/api/location/20'}",756,Franklin D. Roosevelt,1
756,Alive,"{'name': 'Earth (Replacement Dimension)', 'url': 'https://rickandmortyapi.com/api/location/20'}",757,President's General,2
757,Alive,"{'name': 'Earth (Replacement Dimension)', 'url': 'https://rickandmortyapi.com/api/location/20'}",758,Giant Assassin Hidden in the Statue of Liberty,1
758,Alive,"{'name': 'Earth (Replacement Dimension)', 'url': 'https://rickandmortyapi.com/api/location/20'}",759,Turkey Morty,1
759,Alive,"{'name': 'Earth (Replacement Dimension)', 'url': 'https://rickandmortyapi.com/api/location/20'}",760,Turkey Rick,1
760,Alive,"{'name': 'Earth (Replacement Dimension)', 'url': 'https://rickandmortyapi.com/api/location/20'}",761,Turkey President Curtis,1
761,Dead,"{'name': 'Earth (Replacement Dimension)', 'url': 'https://rickandmortyapi.com/api/location/20'}",762,Martnez,1
762,Alive,"{'name': 'Earth (Replacement Dimension)', 'url': 'https://rickandmortyapi.com/api/location/20'}",763,Marvin,1
763,Alive,"{'name': 'Earth (Replacement Dimension)', 'url': 'https://rickandmortyapi.com/api/location/20'}",764,Jackey,1
764,Alive,"{'name': 'Earth (Replacement Dimension)', 'url': 'https://rickandmortyapi.com/api/location/20'}",765,Native Alien,1
765,Alive,"{'name': 'Earth (Replacement Dimension)', 'url': 'https://rickandmortyapi.com/api/location/20'}",766,Pilgrim Alien,1
766,Dead,"{'name': 'Earth (Replacement Dimension)', 'url': 'https://rickandmortyapi.com/api/location/20'}",767,President Turkey,1
767,Alive,"{'name': 'Earth (Replacement Dimension)', 'url': 'https://rickandmortyapi.com/api/location/20'}",768,Mary-Lou,1
768,unknown,"{'name': 'Earth (Replacement Dimension)', 'url': 'https://rickandmortyapi.com/api/location/20'}",769,Big Fat rick,1
769,Dead,"{'name': 'Earth (Replacement Dimension)', 'url': 'https://rickandmortyapi.com/api/location/20'}",770,Hothead Rick,1
770,unknown,"{'name': 'Earth (Replacement Dimension)', 'url': 'https://rickandmortyapi.com/api/location/20'}",771,Ricardo Montoya,1
771,Dead,"{'name': 'Earth (Replacement Dimension)', 'url': 'https://rickandmortyapi.com/api/location/20'}",772,Wrap-it-up Little Rick,1
772,unknown,"{'name': 'Earth (Replacement Dimension)', 'url': 'https://rickandmortyapi.com/api/location/20'}",773,Yo-yo Rick,1
773,Dead,"{'name': 'Earth (Replacement Dimension)', 'url': 'https://rickandmortyapi.com/api/location/20'}",774,Voiceoverian,1
774,Dead,"{'name': 'Earth (Replacement Dimension)', 'url': 'https://rickandmortyapi.com/api/location/20'}",775,Voiceoverian,1
775,Dead,"{'name': 'Earth (Replacement Dimension)', 'url': 'https://rickandmortyapi.com/api/location/20'}",776,Gotron Pilot,1
776,Dead,"{'name': 'Earth (Replacement Dimension)', 'url': 'https://rickandmortyapi.com/api/location/20'}",777,Gotron Pilot,1
777,Dead,"{'name': 'Earth (Replacement Dimension)', 'url': 'https://rickandmortyapi.com/api/location/20'}",778,Gotron Pilot,1
778,Alive,"{'name': ""Rick's Memories"", 'url': 'https://rickandmortyapi.com/api/location/126'}",779,Young Memory Rick,1
779,Dead,"{'name': ""Birdperson's Consciousness"", 'url': 'https://rickandmortyapi.com/api/location/120'}",780,Memory Tammy,1
780,Alive,"{'name': 'Earth (Replacement Dimension)', 'url': 'https://rickandmortyapi.com/api/location/20'}",781,Rick's Garage,1
781,Dead,"{'name': ""Birdperson's Consciousness"", 'url': 'https://rickandmortyapi.com/api/location/120'}",782,Memory Squanchy,1
782,Dead,"{'name': ""Birdperson's Consciousness"", 'url': 'https://rickandmortyapi.com/api/location/120'}",783,Memory Rick,1
783,Dead,"{'name': ""Birdperson's Consciousness"", 'url': 'https://rickandmortyapi.com/api/location/120'}",784,Memory Rick,1
784,Dead,"{'name': ""Birdperson's Consciousness"", 'url': 'https://rickandmortyapi.com/api/location/120'}",785,Memory Geardude,1
785,Alive,"{'name': 'Earth (Replacement Dimension)', 'url': 'https://rickandmortyapi.com/api/location/20'}",786,Birdperson & Tammy's Child,1
786,Alive,"{'name': 'Rick and Two Crows Planet', 'url': 'https://rickandmortyapi.com/api/location/125'}",787,Two Crows,2
787,Alive,"{'name': 'Earth (Replacement Dimension)', 'url': 'https://rickandmortyapi.com/api/location/20'}",788,Mr. Cookie President,1
788,Dead,"{'name': 'Earth (Replacement Dimension)', 'url': 'https://rickandmortyapi.com/api/location/20'}",789,Nick,1
789,Alive,"{'name': 'Earth (Replacement Dimension)', 'url': 'https://rickandmortyapi.com/api/location/20'}",790,Harold (Garbage Goober),1
790,Alive,"{'name': 'Earth (Replacement Dimension)', 'url': 'https://rickandmortyapi.com/api/location/20'}",791,Harold's Wife,1
791,Dead,"{'name': 'Avian Planet', 'url': 'https://rickandmortyapi.com/api/location/122'}",792,Alien Crow,1
792,Dead,"{'name': 'Avian Planet', 'url': 'https://rickandmortyapi.com/api/location/122'}",793,Alien Crow,1
793,Dead,"{'name': 'Earth (Replacement Dimension)', 'url': 'https://rickandmortyapi.com/api/location/20'}",794,Samansky,1
794,Alive,"{'name': 'Normal Size Bug Dimension', 'url': 'https://rickandmortyapi.com/api/location/123'}",795,Palicki,1
795,Alive,"{'name': 'Normal Size Bug Dimension', 'url': 'https://rickandmortyapi.com/api/location/123'}",796,Sarge,1
796,Dead,"{'name': 'Slartivart', 'url': 'https://rickandmortyapi.com/api/location/124'}",797,Slartivartian,1
797,Alive,"{'name': 'Ferkus 9', 'url': 'https://rickandmortyapi.com/api/location/113'}",798,Ferkusian,1
798,Dead,"{'name': 'Morglutz', 'url': 'https://rickandmortyapi.com/api/location/112'}",799,Morglutzian,1
799,Dead,"{'name': 'Earth (Replacement Dimension)', 'url': 'https://rickandmortyapi.com/api/location/20'}",800,Super Turkey,1
800,unknown,"{'name': 'Citadel of Ricks', 'url': 'https://rickandmortyapi.com/api/location/3'}",801,7+7 Years Old Morty,1
801,Dead,"{'name': 'Citadel of Ricks', 'url': 'https://rickandmortyapi.com/api/location/3'}",802,26 Years Old Morty,1
802,unknown,"{'name': 'Citadel of Ricks', 'url': 'https://rickandmortyapi.com/api/location/3'}",803,40 Years Old Morty,1
803,unknown,"{'name': 'Citadel of Ricks', 'url': 'https://rickandmortyapi.com/api/location/3'}",804,Andy,1
804,Alive,"{'name': 'Citadel of Ricks', 'url': 'https://rickandmortyapi.com/api/location/3'}",805,Baby Mouse Skin Morty,1
805,Dead,"{'name': 'Citadel of Ricks', 'url': 'https://rickandmortyapi.com/api/location/3'}",806,Metaphor for Capitalism,1
806,Dead,"{'name': ""Rick's Memories"", 'url': 'https://rickandmortyapi.com/api/location/126'}",807,Beth Sanchez,1
807,Alive,"{'name': 'Rick and Two Crows Planet', 'url': 'https://rickandmortyapi.com/api/location/125'}",808,Crow Scare,1
808,Dead,"{'name': 'Rick and Two Crows Planet', 'url': 'https://rickandmortyapi.com/api/location/125'}",809,Pussifer,1
809,unknown,"{'name': 'Citadel of Ricks', 'url': 'https://rickandmortyapi.com/api/location/3'}",810,Stan Lee Rick,1
810,unknown,"{'name': 'Citadel of Ricks', 'url': 'https://rickandmortyapi.com/api/location/3'}",811,Re-Build-a-Morty Morty,1
811,Dead,"{'name': 'Citadel of Ricks', 'url': 'https://rickandmortyapi.com/api/location/3'}",812,Deformed Morty,1
812,Alive,"{'name': 'Earth (Replacement Dimension)', 'url': 'https://rickandmortyapi.com/api/location/20'}",813,Crow Horse,1
813,Dead,"{'name': ""Rick's Memories"", 'url': 'https://rickandmortyapi.com/api/location/126'}",814,Bald Rick,1
814,Dead,"{'name': ""Rick's Memories"", 'url': 'https://rickandmortyapi.com/api/location/126'}",815,Punk Rick,1
815,Dead,"{'name': ""Rick's Memories"", 'url': 'https://rickandmortyapi.com/api/location/126'}",816,Party Rick,1
816,Dead,"{'name': ""Rick's Memories"", 'url': 'https://rickandmortyapi.com/api/location/126'}",817,Scar Rick,1
817,unknown,"{'name': 'Citadel of Ricks', 'url': 'https://rickandmortyapi.com/api/location/3'}",818,Long Hair Rick,1
818,Dead,"{'name': 'Citadel of Ricks', 'url': 'https://rickandmortyapi.com/api/location/3'}",819,Redhead Rick,1
819,Dead,"{'name': 'Citadel of Ricks', 'url': 'https://rickandmortyapi.com/api/location/3'}",820,Redhead Morty,1
820,unknown,"{'name': 'Earth (Replacement Dimension)', 'url': 'https://rickandmortyapi.com/api/location/20'}",821,Gotron,1
821,unknown,"{'name': 'Earth (Unknown dimension)', 'url': 'https://rickandmortyapi.com/api/location/30'}",822,Young Jerry,1
822,unknown,"{'name': 'Earth (Unknown dimension)', 'url': 'https://rickandmortyapi.com/api/location/30'}",823,Young Beth,1
823,unknown,"{'name': 'Earth (Unknown dimension)', 'url': 'https://rickandmortyapi.com/api/location/30'}",824,Young Beth,1
824,unknown,"{'name': 'Earth (Unknown dimension)', 'url': 'https://rickandmortyapi.com/api/location/30'}",825,Young Jerry,1
825,Alive,"{'name': 'Earth (Replacement Dimension)', 'url': 'https://rickandmortyapi.com/api/location/20'}",826,Butter Robot,1
